Ticker,Name,Series Type,Currency,Country,Sector,Industry,Sic,Exchange,Cik,Fiscal_End,Units,Scale,Flow,Adjustment,Periodicity,Metadata,Corporate_History
TRUSACOM,GFDatabase USA Total Return AAA Corporate Bond Index,Total Return Indices - Bonds,United States Dollar,United States,,,,,,,Index Number ,Units,Stock,none,Monthly From Dec 1814 To Sep 2018<BR>,"Before 1857, data from individual corporate bonds is used. The Masonic Hall Association of Philadelphia 5% Loan is used from 1815 to 1827, the Chesapeake and Delaware Canal 6% Bonds is used from 1827 to 1831, the Schuylkill Navigation Co. 6% Bonds of 1840 is used from 1831 to 1837, the Baltimore and Ohio Railroad 6% Bonds is used from 1837 to 1842, New York, Lake Erie and Western Railroad Co. 7% 5th Mortgage Bonds of 1858 is used in 1842 and 1843, the Philadelphia Gas Works 6% Bonds of 1861 is used from 1843 to 1850 and the Baltimore and Ohio Railroad 6% Bonds of 1867 is used from 1850 to 1858.<br />The index uses the yield from Macaulay's High Grade Rails index from 1857 to 1918 and the yields from Moody's AAA Corporate Bond Index from 1919 on to calculate the total returns for the Index.  The corporate bonds in the index are long-term with a maturity of over 20 years.",
Date,Ticker,Close
12/31/1814,TRUSACOM,0.1509219
01/31/1815,TRUSACOM,0.1515507
02/28/1815,TRUSACOM,0.1521822
03/31/1815,TRUSACOM,0.1498761
04/30/1815,TRUSACOM,0.150533
05/31/1815,TRUSACOM,0.1511928
06/30/1815,TRUSACOM,0.1533361
07/31/1815,TRUSACOM,0.1539917
08/31/1815,TRUSACOM,0.15465
09/30/1815,TRUSACOM,0.1553111
10/31/1815,TRUSACOM,0.1574993
11/30/1815,TRUSACOM,0.1581556
12/31/1815,TRUSACOM,0.1588146
01/31/1816,TRUSACOM,0.1594763
02/29/1816,TRUSACOM,0.1601408
03/31/1816,TRUSACOM,0.160808
04/30/1816,TRUSACOM,0.161478
05/31/1816,TRUSACOM,0.1621509
06/30/1816,TRUSACOM,0.1628265
07/31/1816,TRUSACOM,0.1635049
08/31/1816,TRUSACOM,0.1641862
09/30/1816,TRUSACOM,0.1648703
10/31/1816,TRUSACOM,0.1655573
11/30/1816,TRUSACOM,0.1662471
12/31/1816,TRUSACOM,0.1669398
01/31/1817,TRUSACOM,0.1676354
02/28/1817,TRUSACOM,0.1683339
03/31/1817,TRUSACOM,0.1690353
04/30/1817,TRUSACOM,0.1697396
05/31/1817,TRUSACOM,0.1704468
06/30/1817,TRUSACOM,0.171157
07/31/1817,TRUSACOM,0.1718702
08/31/1817,TRUSACOM,0.1725863
09/30/1817,TRUSACOM,0.1733054
10/31/1817,TRUSACOM,0.1740275
11/30/1817,TRUSACOM,0.1747526
12/31/1817,TRUSACOM,0.1754808
01/31/1818,TRUSACOM,0.1762119
02/28/1818,TRUSACOM,0.1769461
03/31/1818,TRUSACOM,0.1776834
04/30/1818,TRUSACOM,0.1784238
05/31/1818,TRUSACOM,0.1791672
06/30/1818,TRUSACOM,0.1799137
07/31/1818,TRUSACOM,0.1806634
08/31/1818,TRUSACOM,0.1814161
09/30/1818,TRUSACOM,0.182172
10/31/1818,TRUSACOM,0.1829311
11/30/1818,TRUSACOM,0.1836933
12/31/1818,TRUSACOM,0.1844587
01/31/1819,TRUSACOM,0.1852273
02/28/1819,TRUSACOM,0.185999
03/31/1819,TRUSACOM,0.186774
04/30/1819,TRUSACOM,0.1875523
05/31/1819,TRUSACOM,0.1883337
06/30/1819,TRUSACOM,0.1891185
07/31/1819,TRUSACOM,0.1899065
08/31/1819,TRUSACOM,0.1906977
09/30/1819,TRUSACOM,0.1914923
10/31/1819,TRUSACOM,0.1922902
11/30/1819,TRUSACOM,0.1930914
12/31/1819,TRUSACOM,0.1938959
01/31/1820,TRUSACOM,0.1947038
02/29/1820,TRUSACOM,0.1955151
03/31/1820,TRUSACOM,0.1963298
04/30/1820,TRUSACOM,0.1971478
05/31/1820,TRUSACOM,0.1979692
06/30/1820,TRUSACOM,0.1987941
07/31/1820,TRUSACOM,0.1996224
08/31/1820,TRUSACOM,0.2004542
09/30/1820,TRUSACOM,0.2012894
10/31/1820,TRUSACOM,0.2021281
11/30/1820,TRUSACOM,0.2029703
12/31/1820,TRUSACOM,0.203816
01/31/1821,TRUSACOM,0.2046653
02/28/1821,TRUSACOM,0.205518
03/31/1821,TRUSACOM,0.2063744
04/30/1821,TRUSACOM,0.2072343
05/31/1821,TRUSACOM,0.2080977
06/30/1821,TRUSACOM,0.2089648
07/31/1821,TRUSACOM,0.2117319
08/31/1821,TRUSACOM,0.2125929
09/30/1821,TRUSACOM,0.2134575
10/31/1821,TRUSACOM,0.2143255
11/30/1821,TRUSACOM,0.2163314
12/31/1821,TRUSACOM,0.2171985
01/31/1822,TRUSACOM,0.2180691
02/28/1822,TRUSACOM,0.2189432
03/31/1822,TRUSACOM,0.2198208
04/30/1822,TRUSACOM,0.220702
05/31/1822,TRUSACOM,0.2215866
06/30/1822,TRUSACOM,0.2218073
07/31/1822,TRUSACOM,0.2227038
08/31/1822,TRUSACOM,0.2236039
09/30/1822,TRUSACOM,0.2245076
10/31/1822,TRUSACOM,0.225415
11/30/1822,TRUSACOM,0.226326
12/31/1822,TRUSACOM,0.2272408
01/31/1823,TRUSACOM,0.225607
02/28/1823,TRUSACOM,0.226547
03/31/1823,TRUSACOM,0.2274909
04/30/1823,TRUSACOM,0.2284388
05/31/1823,TRUSACOM,0.2293907
06/30/1823,TRUSACOM,0.2336533
07/31/1823,TRUSACOM,0.2312698
08/31/1823,TRUSACOM,0.2331051
09/30/1823,TRUSACOM,0.2344179
10/31/1823,TRUSACOM,0.2353809
11/30/1823,TRUSACOM,0.2363479
12/31/1823,TRUSACOM,0.2373189
01/31/1824,TRUSACOM,0.2382939
02/29/1824,TRUSACOM,0.2392729
03/31/1824,TRUSACOM,0.2402559
04/30/1824,TRUSACOM,0.241243
05/31/1824,TRUSACOM,0.2422341
06/30/1824,TRUSACOM,0.2432293
07/31/1824,TRUSACOM,0.2442285
08/31/1824,TRUSACOM,0.2452319
09/30/1824,TRUSACOM,0.2462394
10/31/1824,TRUSACOM,0.247251
11/30/1824,TRUSACOM,0.2482668
12/31/1824,TRUSACOM,0.2492868
01/31/1825,TRUSACOM,0.2503109
02/28/1825,TRUSACOM,0.2513393
03/31/1825,TRUSACOM,0.2523719
04/30/1825,TRUSACOM,0.2534087
05/31/1825,TRUSACOM,0.2606472
06/30/1825,TRUSACOM,0.2618459
07/31/1825,TRUSACOM,0.2628497
08/31/1825,TRUSACOM,0.2624687
09/30/1825,TRUSACOM,0.2617111
10/31/1825,TRUSACOM,0.2627492
11/30/1825,TRUSACOM,0.2637914
12/31/1825,TRUSACOM,0.2648378
01/31/1826,TRUSACOM,0.2658883
02/28/1826,TRUSACOM,0.266943
03/31/1826,TRUSACOM,0.2680019
04/30/1826,TRUSACOM,0.269065
05/31/1826,TRUSACOM,0.2701323
06/30/1826,TRUSACOM,0.2712038
07/31/1826,TRUSACOM,0.2722796
08/31/1826,TRUSACOM,0.2733596
09/30/1826,TRUSACOM,0.2744439
10/31/1826,TRUSACOM,0.2755326
11/30/1826,TRUSACOM,0.2766255
12/31/1826,TRUSACOM,0.2777228
01/31/1827,TRUSACOM,0.2788244
02/28/1827,TRUSACOM,0.2799304
03/31/1827,TRUSACOM,0.2810408
04/30/1827,TRUSACOM,0.2821556
05/31/1827,TRUSACOM,0.2648766
06/30/1827,TRUSACOM,0.2667177
07/31/1827,TRUSACOM,0.2657972
08/31/1827,TRUSACOM,0.2670686
09/30/1827,TRUSACOM,0.2677519
10/31/1827,TRUSACOM,0.2696364
11/30/1827,TRUSACOM,0.2709261
12/31/1827,TRUSACOM,0.2722221
01/31/1828,TRUSACOM,0.2695181
02/29/1828,TRUSACOM,0.2708522
03/31/1828,TRUSACOM,0.2715924
04/30/1828,TRUSACOM,0.2717416
05/31/1828,TRUSACOM,0.2731071
06/30/1828,TRUSACOM,0.2750857
07/31/1828,TRUSACOM,0.2758519
08/31/1828,TRUSACOM,0.277238
09/30/1828,TRUSACOM,0.2780175
10/31/1828,TRUSACOM,0.2788064
11/30/1828,TRUSACOM,0.2808395
12/31/1828,TRUSACOM,0.2828808
01/31/1829,TRUSACOM,0.2818079
02/28/1829,TRUSACOM,0.2818023
03/31/1829,TRUSACOM,0.2872405
04/30/1829,TRUSACOM,0.2899608
05/31/1829,TRUSACOM,0.2914034
06/30/1829,TRUSACOM,0.2928531
07/31/1829,TRUSACOM,0.2910832
08/31/1829,TRUSACOM,0.2925677
09/30/1829,TRUSACOM,0.2940598
10/31/1829,TRUSACOM,0.2955595
11/30/1829,TRUSACOM,0.2996978
12/31/1829,TRUSACOM,0.3056683
01/31/1830,TRUSACOM,0.3060146
02/28/1830,TRUSACOM,0.3075064
03/31/1830,TRUSACOM,0.3090055
04/30/1830,TRUSACOM,0.3160698
05/31/1830,TRUSACOM,0.3182541
06/30/1830,TRUSACOM,0.3209217
07/31/1830,TRUSACOM,0.3204942
08/31/1830,TRUSACOM,0.3219925
09/30/1830,TRUSACOM,0.3234978
10/31/1830,TRUSACOM,0.3250102
11/30/1830,TRUSACOM,0.3284719
12/31/1830,TRUSACOM,0.3299856
01/31/1831,TRUSACOM,0.3290582
02/28/1831,TRUSACOM,0.331829
03/31/1831,TRUSACOM,0.3343622
04/30/1831,TRUSACOM,0.3376556
05/31/1831,TRUSACOM,0.3391948
06/30/1831,TRUSACOM,0.3407409
07/31/1831,TRUSACOM,0.3463918
08/31/1831,TRUSACOM,0.3479246
09/30/1831,TRUSACOM,0.3494641
10/31/1831,TRUSACOM,0.3510105
11/30/1831,TRUSACOM,0.3525637
12/31/1831,TRUSACOM,0.3541238
01/31/1832,TRUSACOM,0.3556908
02/29/1832,TRUSACOM,0.3572647
03/31/1832,TRUSACOM,0.3588456
04/30/1832,TRUSACOM,0.3604335
05/31/1832,TRUSACOM,0.3620284
06/30/1832,TRUSACOM,0.3636304
07/31/1832,TRUSACOM,0.3652395
08/31/1832,TRUSACOM,0.3668557
09/30/1832,TRUSACOM,0.368479
10/31/1832,TRUSACOM,0.3701095
11/30/1832,TRUSACOM,0.3717473
12/31/1832,TRUSACOM,0.3733922
01/31/1833,TRUSACOM,0.3750445
02/28/1833,TRUSACOM,0.3767041
03/31/1833,TRUSACOM,0.378371
04/30/1833,TRUSACOM,0.3800453
05/31/1833,TRUSACOM,0.381727
06/30/1833,TRUSACOM,0.3834161
07/31/1833,TRUSACOM,0.3851127
08/31/1833,TRUSACOM,0.3868169
09/30/1833,TRUSACOM,0.3885285
10/31/1833,TRUSACOM,0.3905386
11/30/1833,TRUSACOM,0.3910967
12/31/1833,TRUSACOM,0.3943027
01/31/1834,TRUSACOM,0.3913543
02/28/1834,TRUSACOM,0.394889
03/31/1834,TRUSACOM,0.393142
04/30/1834,TRUSACOM,0.3946542
05/31/1834,TRUSACOM,0.3973534
06/30/1834,TRUSACOM,0.3973981
07/31/1834,TRUSACOM,0.4031082
08/31/1834,TRUSACOM,0.4073459
09/30/1834,TRUSACOM,0.40855
10/31/1834,TRUSACOM,0.4103748
11/30/1834,TRUSACOM,0.4100676
12/31/1834,TRUSACOM,0.4119231
01/31/1835,TRUSACOM,0.4125592
02/28/1835,TRUSACOM,0.4147477
03/31/1835,TRUSACOM,0.4166348
04/30/1835,TRUSACOM,0.4185305
05/31/1835,TRUSACOM,0.4232573
06/30/1835,TRUSACOM,0.4251514
07/31/1835,TRUSACOM,0.4280084
08/31/1835,TRUSACOM,0.4299131
09/30/1835,TRUSACOM,0.4318262
10/31/1835,TRUSACOM,0.4337478
11/30/1835,TRUSACOM,0.4314869
12/31/1835,TRUSACOM,0.4334538
01/31/1836,TRUSACOM,0.4354296
02/29/1836,TRUSACOM,0.4374145
03/31/1836,TRUSACOM,0.4394083
04/30/1836,TRUSACOM,0.4414113
05/31/1836,TRUSACOM,0.4434234
06/30/1836,TRUSACOM,0.4424796
07/31/1836,TRUSACOM,0.4445297
08/31/1836,TRUSACOM,0.4465894
09/30/1836,TRUSACOM,0.4486586
10/31/1836,TRUSACOM,0.4507374
11/30/1836,TRUSACOM,0.4528258
12/31/1836,TRUSACOM,0.4549239
01/31/1837,TRUSACOM,0.4570317
02/28/1837,TRUSACOM,0.4591493
03/31/1837,TRUSACOM,0.4612767
04/30/1837,TRUSACOM,0.4634139
05/31/1837,TRUSACOM,0.4470474
06/30/1837,TRUSACOM,0.4631053
07/31/1837,TRUSACOM,0.465305
08/31/1837,TRUSACOM,0.4695956
09/30/1837,TRUSACOM,0.4718027
10/31/1837,TRUSACOM,0.4740202
11/30/1837,TRUSACOM,0.4762481
12/31/1837,TRUSACOM,0.4784865
01/31/1838,TRUSACOM,0.4800241
02/28/1838,TRUSACOM,0.4812188
03/31/1838,TRUSACOM,0.4785254
04/30/1838,TRUSACOM,0.482985
05/31/1838,TRUSACOM,0.4792605
06/30/1838,TRUSACOM,0.4805703
07/31/1838,TRUSACOM,0.4818963
08/31/1838,TRUSACOM,0.4843058
09/30/1838,TRUSACOM,0.4867273
10/31/1838,TRUSACOM,0.4891609
11/30/1838,TRUSACOM,0.4916067
12/31/1838,TRUSACOM,0.4940648
01/31/1839,TRUSACOM,0.4965351
02/28/1839,TRUSACOM,0.4990178
03/31/1839,TRUSACOM,0.5015129
04/30/1839,TRUSACOM,0.5040204
05/31/1839,TRUSACOM,0.5065405
06/30/1839,TRUSACOM,0.5090732
07/31/1839,TRUSACOM,0.5116186
08/31/1839,TRUSACOM,0.509663
09/30/1839,TRUSACOM,0.5096388
10/31/1839,TRUSACOM,0.5122677
11/30/1839,TRUSACOM,0.5000855
12/31/1839,TRUSACOM,0.5028318
01/31/1840,TRUSACOM,0.5055932
02/29/1840,TRUSACOM,0.5083697
03/31/1840,TRUSACOM,0.5111615
04/30/1840,TRUSACOM,0.5218981
05/31/1840,TRUSACOM,0.5246729
06/30/1840,TRUSACOM,0.5247739
07/31/1840,TRUSACOM,0.5302975
08/31/1840,TRUSACOM,0.5331169
09/30/1840,TRUSACOM,0.5371274
10/31/1840,TRUSACOM,0.5399697
11/30/1840,TRUSACOM,0.542827
12/31/1840,TRUSACOM,0.5456995
01/31/1841,TRUSACOM,0.547386
02/28/1841,TRUSACOM,0.5502962
03/31/1841,TRUSACOM,0.553222
04/30/1841,TRUSACOM,0.5533285
05/31/1841,TRUSACOM,0.5563027
06/30/1841,TRUSACOM,0.5592928
07/31/1841,TRUSACOM,0.562299
08/31/1841,TRUSACOM,0.5653214
09/30/1841,TRUSACOM,0.56836
10/31/1841,TRUSACOM,0.5714149
11/30/1841,TRUSACOM,0.5512083
12/31/1841,TRUSACOM,0.5445407
01/31/1842,TRUSACOM,0.5388811
02/28/1842,TRUSACOM,0.5232876
03/31/1842,TRUSACOM,0.4972739
04/30/1842,TRUSACOM,0.530648
05/31/1842,TRUSACOM,0.5360822
06/30/1842,TRUSACOM,0.5608111
07/31/1842,TRUSACOM,0.5663003
08/31/1842,TRUSACOM,0.5697736
09/30/1842,TRUSACOM,0.5695829
10/31/1842,TRUSACOM,0.5839146
11/30/1842,TRUSACOM,0.5912327
12/31/1842,TRUSACOM,0.5981725
01/31/1843,TRUSACOM,0.6034121
02/28/1843,TRUSACOM,0.6207065
03/31/1843,TRUSACOM,0.6365529
04/30/1843,TRUSACOM,0.6436999
05/31/1843,TRUSACOM,0.654237
06/30/1843,TRUSACOM,0.6707833
07/31/1843,TRUSACOM,0.6790717
08/31/1843,TRUSACOM,0.6818504
09/30/1843,TRUSACOM,0.6841411
10/31/1843,TRUSACOM,0.6900071
11/30/1843,TRUSACOM,0.7041882
12/31/1843,TRUSACOM,0.7079815
01/31/1844,TRUSACOM,0.6273443
02/29/1844,TRUSACOM,0.6208312
03/31/1844,TRUSACOM,0.6392226
04/30/1844,TRUSACOM,0.6329745
05/31/1844,TRUSACOM,0.648422
06/30/1844,TRUSACOM,0.6522909
07/31/1844,TRUSACOM,0.6547676
08/31/1844,TRUSACOM,0.6567985
09/30/1844,TRUSACOM,0.6626594
10/31/1844,TRUSACOM,0.6748471
11/30/1844,TRUSACOM,0.6797758
12/31/1844,TRUSACOM,0.6572536
01/31/1845,TRUSACOM,0.6557479
02/28/1845,TRUSACOM,0.6571237
03/31/1845,TRUSACOM,0.6423988
04/30/1845,TRUSACOM,0.6508859
05/31/1845,TRUSACOM,0.6303648
06/30/1845,TRUSACOM,0.6191325
07/31/1845,TRUSACOM,0.6181498
08/31/1845,TRUSACOM,0.6004708
09/30/1845,TRUSACOM,0.6052845
10/31/1845,TRUSACOM,0.6372671
11/30/1845,TRUSACOM,0.6420413
12/31/1845,TRUSACOM,0.6646909
01/31/1846,TRUSACOM,0.6537557
02/28/1846,TRUSACOM,0.6586261
03/31/1846,TRUSACOM,0.7256184
04/30/1846,TRUSACOM,0.729216
05/31/1846,TRUSACOM,0.7194273
06/30/1846,TRUSACOM,0.7424606
07/31/1846,TRUSACOM,0.7471753
08/31/1846,TRUSACOM,0.7344729
09/30/1846,TRUSACOM,0.7393388
10/31/1846,TRUSACOM,0.7442369
11/30/1846,TRUSACOM,0.7669634
12/31/1846,TRUSACOM,0.7718337
01/31/1847,TRUSACOM,0.7873581
02/28/1847,TRUSACOM,0.7950768
03/31/1847,TRUSACOM,0.8245193
04/30/1847,TRUSACOM,0.8365323
05/31/1847,TRUSACOM,0.8413005
06/30/1847,TRUSACOM,0.8460959
07/31/1847,TRUSACOM,0.8546265
08/31/1847,TRUSACOM,0.8594552
09/30/1847,TRUSACOM,0.8593158
10/31/1847,TRUSACOM,0.8487627
11/30/1847,TRUSACOM,0.8314059
12/31/1847,TRUSACOM,0.822376
01/31/1848,TRUSACOM,0.8223822
02/29/1848,TRUSACOM,0.8289128
03/31/1848,TRUSACOM,0.8486927
04/30/1848,TRUSACOM,0.8601631
05/31/1848,TRUSACOM,0.8624119
06/30/1848,TRUSACOM,0.8690446
07/31/1848,TRUSACOM,0.8639055
08/31/1848,TRUSACOM,0.8681738
09/30/1848,TRUSACOM,0.8693761
10/31/1848,TRUSACOM,0.8812419
11/30/1848,TRUSACOM,0.8925697
12/31/1848,TRUSACOM,0.9303455
01/31/1849,TRUSACOM,0.933124
02/28/1849,TRUSACOM,0.9386449
03/31/1849,TRUSACOM,0.9441986
04/30/1849,TRUSACOM,0.9518415
05/31/1849,TRUSACOM,0.9820044
06/30/1849,TRUSACOM,0.98179
07/31/1849,TRUSACOM,1.0003411
08/31/1849,TRUSACOM,1.0058597
09/30/1849,TRUSACOM,1.0077394
10/31/1849,TRUSACOM,1.0162911
11/30/1849,TRUSACOM,1.041456
12/31/1849,TRUSACOM,1.0408873
01/31/1850,TRUSACOM,1.0510752
02/28/1850,TRUSACOM,1.0559009
03/31/1850,TRUSACOM,1.0522816
04/30/1850,TRUSACOM,1.057999
05/31/1850,TRUSACOM,1.0817618
06/30/1850,TRUSACOM,1.0906205
07/31/1850,TRUSACOM,1.0938959
08/31/1850,TRUSACOM,1.0956063
09/30/1850,TRUSACOM,1.0933696
10/31/1850,TRUSACOM,1.102443
11/30/1850,TRUSACOM,1.1042755
12/31/1850,TRUSACOM,1.0965371
01/31/1851,TRUSACOM,1.1114434
02/28/1851,TRUSACOM,1.1190941
03/31/1851,TRUSACOM,1.1243172
04/30/1851,TRUSACOM,1.1320475
05/31/1851,TRUSACOM,1.1464892
06/30/1851,TRUSACOM,1.1458632
07/31/1851,TRUSACOM,1.160465
08/31/1851,TRUSACOM,1.1674588
09/30/1851,TRUSACOM,1.152422
10/31/1851,TRUSACOM,1.1612837
11/30/1851,TRUSACOM,1.1457901
12/31/1851,TRUSACOM,1.1649111
01/31/1852,TRUSACOM,1.1612288
02/29/1852,TRUSACOM,1.1694942
03/31/1852,TRUSACOM,1.1709886
04/30/1852,TRUSACOM,1.2018473
05/31/1852,TRUSACOM,1.2288601
06/30/1852,TRUSACOM,1.2353321
07/31/1852,TRUSACOM,1.2564752
08/31/1852,TRUSACOM,1.2573828
09/30/1852,TRUSACOM,1.2685406
10/31/1852,TRUSACOM,1.2769348
11/30/1852,TRUSACOM,1.287252
12/31/1852,TRUSACOM,1.3014326
01/31/1853,TRUSACOM,1.3137577
02/28/1853,TRUSACOM,1.3173825
03/31/1853,TRUSACOM,1.3027587
04/30/1853,TRUSACOM,1.3162486
05/31/1853,TRUSACOM,1.3386369
06/30/1853,TRUSACOM,1.3295983
07/31/1853,TRUSACOM,1.3324983
08/31/1853,TRUSACOM,1.3131884
09/30/1853,TRUSACOM,1.3279898
10/31/1853,TRUSACOM,1.3321287
11/30/1853,TRUSACOM,1.3421817
12/31/1853,TRUSACOM,1.3682085
01/31/1854,TRUSACOM,1.3622385
02/28/1854,TRUSACOM,1.3865703
03/31/1854,TRUSACOM,1.3614361
04/30/1854,TRUSACOM,1.3568637
05/31/1854,TRUSACOM,1.3564023
06/30/1854,TRUSACOM,1.3789085
07/31/1854,TRUSACOM,1.3486747
08/31/1854,TRUSACOM,1.3792376
09/30/1854,TRUSACOM,1.3798727
10/31/1854,TRUSACOM,1.3836029
11/30/1854,TRUSACOM,1.3954631
12/31/1854,TRUSACOM,1.3891361
01/31/1855,TRUSACOM,1.3870354
02/28/1855,TRUSACOM,1.4031948
03/31/1855,TRUSACOM,1.4433646
04/30/1855,TRUSACOM,1.4736814
05/31/1855,TRUSACOM,1.469672
06/30/1855,TRUSACOM,1.4851848
07/31/1855,TRUSACOM,1.4898654
08/31/1855,TRUSACOM,1.5033496
09/30/1855,TRUSACOM,1.4981966
10/31/1855,TRUSACOM,1.5096338
11/30/1855,TRUSACOM,1.5255684
12/31/1855,TRUSACOM,1.5303763
01/31/1856,TRUSACOM,1.53077
02/29/1856,TRUSACOM,1.5469618
03/31/1856,TRUSACOM,1.5609628
04/30/1856,TRUSACOM,1.5669982
05/31/1856,TRUSACOM,1.5346581
06/30/1856,TRUSACOM,1.5557
07/31/1856,TRUSACOM,1.5769125
08/31/1856,TRUSACOM,1.5820747
09/30/1856,TRUSACOM,1.5780942
10/31/1856,TRUSACOM,1.590367
11/30/1856,TRUSACOM,1.608536
12/31/1856,TRUSACOM,1.6173696
01/31/1857,TRUSACOM,1.6144723
02/28/1857,TRUSACOM,1.6258334
03/31/1857,TRUSACOM,1.6218696
04/30/1857,TRUSACOM,1.6441073
05/31/1857,TRUSACOM,1.6508457
06/30/1857,TRUSACOM,1.644468
07/31/1857,TRUSACOM,1.6767788
08/31/1857,TRUSACOM,1.6811483
09/30/1857,TRUSACOM,1.6625375
10/31/1857,TRUSACOM,1.6891409
11/30/1857,TRUSACOM,1.6718201
12/31/1857,TRUSACOM,1.6962005
01/31/1858,TRUSACOM,1.6985071
02/28/1858,TRUSACOM,1.7207122
03/31/1858,TRUSACOM,1.7142885
04/30/1858,TRUSACOM,1.740514
05/31/1858,TRUSACOM,1.7747119
06/30/1858,TRUSACOM,1.7793366
07/31/1858,TRUSACOM,1.7892268
08/31/1858,TRUSACOM,1.8044102
09/30/1858,TRUSACOM,1.8236437
10/31/1858,TRUSACOM,1.8296136
11/30/1858,TRUSACOM,1.8436826
12/31/1858,TRUSACOM,1.83899
01/31/1859,TRUSACOM,1.849211
02/28/1859,TRUSACOM,1.8649511
03/31/1859,TRUSACOM,1.8786862
04/30/1859,TRUSACOM,1.8962768
05/31/1859,TRUSACOM,1.8898787
06/30/1859,TRUSACOM,1.8749441
07/31/1859,TRUSACOM,1.8904327
08/31/1859,TRUSACOM,1.9126742
09/30/1859,TRUSACOM,1.94992
10/31/1859,TRUSACOM,1.9573552
11/30/1859,TRUSACOM,1.9658193
12/31/1859,TRUSACOM,1.9849472
01/31/1860,TRUSACOM,2.0017023
02/29/1860,TRUSACOM,2.0252356
03/31/1860,TRUSACOM,2.0504362
04/30/1860,TRUSACOM,2.0802363
05/31/1860,TRUSACOM,2.118174
06/30/1860,TRUSACOM,2.1545814
07/31/1860,TRUSACOM,2.1795902
08/31/1860,TRUSACOM,2.1990425
09/30/1860,TRUSACOM,2.2118121
10/31/1860,TRUSACOM,2.2183157
11/30/1860,TRUSACOM,2.1754804
12/31/1860,TRUSACOM,2.1366088
01/31/1861,TRUSACOM,2.2006723
02/28/1861,TRUSACOM,2.2305914
03/31/1861,TRUSACOM,2.2591217
04/30/1861,TRUSACOM,2.2644958
05/31/1861,TRUSACOM,2.2136796
06/30/1861,TRUSACOM,2.2415221
07/31/1861,TRUSACOM,2.2948467
08/31/1861,TRUSACOM,2.3084981
09/30/1861,TRUSACOM,2.3056633
10/31/1861,TRUSACOM,2.3108559
11/30/1861,TRUSACOM,2.3391565
12/31/1861,TRUSACOM,2.3595908
01/31/1862,TRUSACOM,2.447183
02/28/1862,TRUSACOM,2.5211936
03/31/1862,TRUSACOM,2.5276967
04/30/1862,TRUSACOM,2.5571504
05/31/1862,TRUSACOM,2.6500214
06/30/1862,TRUSACOM,2.7061743
07/31/1862,TRUSACOM,2.7139202
08/31/1862,TRUSACOM,2.7625317
09/30/1862,TRUSACOM,2.8275138
10/31/1862,TRUSACOM,2.900642
11/30/1862,TRUSACOM,2.9501423
12/31/1862,TRUSACOM,2.9582442
01/31/1863,TRUSACOM,3.0908067
02/28/1863,TRUSACOM,3.1526181
03/31/1863,TRUSACOM,3.150662
04/30/1863,TRUSACOM,3.1084479
05/31/1863,TRUSACOM,3.1250491
06/30/1863,TRUSACOM,3.1291116
07/31/1863,TRUSACOM,3.1346447
08/31/1863,TRUSACOM,3.1455559
09/30/1863,TRUSACOM,3.1666529
10/31/1863,TRUSACOM,3.1971423
11/30/1863,TRUSACOM,3.1859753
12/31/1863,TRUSACOM,3.1787623
01/31/1864,TRUSACOM,3.1776006
02/29/1864,TRUSACOM,3.207935
03/31/1864,TRUSACOM,3.2753867
04/30/1864,TRUSACOM,3.351566
05/31/1864,TRUSACOM,3.3746733
06/30/1864,TRUSACOM,3.420721
07/31/1864,TRUSACOM,3.5290183
08/31/1864,TRUSACOM,3.5433916
09/30/1864,TRUSACOM,3.4582764
10/31/1864,TRUSACOM,3.3629442
11/30/1864,TRUSACOM,3.3974803
12/31/1864,TRUSACOM,3.3740576
01/31/1865,TRUSACOM,3.3349022
02/28/1865,TRUSACOM,3.3102664
03/31/1865,TRUSACOM,3.2474114
04/30/1865,TRUSACOM,3.2435648
05/31/1865,TRUSACOM,3.2729019
06/30/1865,TRUSACOM,3.2254215
07/31/1865,TRUSACOM,3.2784134
08/31/1865,TRUSACOM,3.2921092
09/30/1865,TRUSACOM,3.3028377
10/31/1865,TRUSACOM,3.3041598
11/30/1865,TRUSACOM,3.2986696
12/31/1865,TRUSACOM,3.3079665
01/31/1866,TRUSACOM,3.3094752
02/28/1866,TRUSACOM,3.3216961
03/31/1866,TRUSACOM,3.3258724
04/30/1866,TRUSACOM,3.3644926
05/31/1866,TRUSACOM,3.4246614
06/30/1866,TRUSACOM,3.4589584
07/31/1866,TRUSACOM,3.509482
08/31/1866,TRUSACOM,3.5489614
09/30/1866,TRUSACOM,3.584831
10/31/1866,TRUSACOM,3.6160311
11/30/1866,TRUSACOM,3.6516013
12/31/1866,TRUSACOM,3.644795
01/31/1867,TRUSACOM,3.6605527
02/28/1867,TRUSACOM,3.6789577
03/31/1867,TRUSACOM,3.700015
04/30/1867,TRUSACOM,3.7099817
05/31/1867,TRUSACOM,3.7296785
06/30/1867,TRUSACOM,3.7553413
07/31/1867,TRUSACOM,3.8169778
08/30/1867,TRUSACOM,3.8458847
09/30/1867,TRUSACOM,3.8666061
10/31/1867,TRUSACOM,3.8679045
11/30/1867,TRUSACOM,3.8729206
12/31/1867,TRUSACOM,3.890218
01/31/1868,TRUSACOM,3.9494197
02/29/1868,TRUSACOM,3.999197
03/31/1868,TRUSACOM,4.0324303
04/30/1868,TRUSACOM,4.0483326
05/31/1868,TRUSACOM,4.0897276
06/30/1868,TRUSACOM,4.123288
07/31/1868,TRUSACOM,4.151705
08/30/1868,TRUSACOM,4.1729589
09/30/1868,TRUSACOM,4.1780103
10/31/1868,TRUSACOM,4.182243
11/30/1868,TRUSACOM,4.1842682
12/31/1868,TRUSACOM,4.191711
01/31/1869,TRUSACOM,4.218349
02/28/1869,TRUSACOM,4.2431817
03/31/1869,TRUSACOM,4.255923
04/30/1869,TRUSACOM,4.2760629
05/31/1869,TRUSACOM,4.3374783
06/30/1869,TRUSACOM,4.3717483
07/31/1869,TRUSACOM,4.3770629
08/31/1869,TRUSACOM,4.4121645
09/30/1869,TRUSACOM,4.4166036
10/31/1869,TRUSACOM,4.4128494
11/30/1869,TRUSACOM,4.4311002
12/31/1869,TRUSACOM,4.4484021
01/31/1870,TRUSACOM,4.5054224
02/28/1870,TRUSACOM,4.6151591
03/31/1870,TRUSACOM,4.6788421
04/30/1870,TRUSACOM,4.6992098
05/31/1870,TRUSACOM,4.7532446
06/30/1870,TRUSACOM,4.8053809
07/31/1870,TRUSACOM,4.8418239
08/31/1870,TRUSACOM,4.8466972
09/30/1870,TRUSACOM,4.8699224
10/31/1870,TRUSACOM,4.8969902
11/30/1870,TRUSACOM,4.9239401
12/31/1870,TRUSACOM,4.9431272
01/31/1871,TRUSACOM,4.9990485
02/28/1871,TRUSACOM,5.0485414
03/31/1871,TRUSACOM,5.0890656
04/30/1871,TRUSACOM,5.1298251
05/31/1871,TRUSACOM,5.1826944
06/30/1871,TRUSACOM,5.2200011
07/31/1871,TRUSACOM,5.2571745
08/31/1871,TRUSACOM,5.3049513
09/30/1871,TRUSACOM,5.3486593
10/31/1871,TRUSACOM,5.3310617
11/30/1871,TRUSACOM,5.3465754
12/31/1871,TRUSACOM,5.4040787
01/31/1872,TRUSACOM,5.5228592
02/29/1872,TRUSACOM,5.5727472
03/31/1872,TRUSACOM,5.5728465
04/30/1872,TRUSACOM,5.6135221
05/31/1872,TRUSACOM,5.6486921
06/30/1872,TRUSACOM,5.7018193
07/31/1872,TRUSACOM,5.7744117
08/31/1872,TRUSACOM,5.7792715
09/30/1872,TRUSACOM,5.7849556
10/31/1872,TRUSACOM,5.8008586
11/30/1872,TRUSACOM,5.8162982
12/31/1872,TRUSACOM,5.8478268
01/31/1873,TRUSACOM,5.9190424
02/28/1873,TRUSACOM,5.96407
03/31/1873,TRUSACOM,5.9951461
04/30/1873,TRUSACOM,6.0191464
05/31/1873,TRUSACOM,6.0663309
06/30/1873,TRUSACOM,6.1216434
07/31/1873,TRUSACOM,6.1835461
08/31/1873,TRUSACOM,6.2171102
09/30/1873,TRUSACOM,6.1954049
10/31/1873,TRUSACOM,6.0634258
11/30/1873,TRUSACOM,6.0927756
12/31/1873,TRUSACOM,6.2279397
01/31/1874,TRUSACOM,6.3834469
02/28/1874,TRUSACOM,6.4744982
03/31/1874,TRUSACOM,6.516224
04/30/1874,TRUSACOM,6.5639858
05/31/1874,TRUSACOM,6.5754066
06/30/1874,TRUSACOM,6.6454432
07/31/1874,TRUSACOM,6.6841228
08/31/1874,TRUSACOM,6.7294451
09/30/1874,TRUSACOM,6.7865244
10/31/1874,TRUSACOM,6.8611213
11/30/1874,TRUSACOM,6.9536629
12/31/1874,TRUSACOM,7.0019688
01/31/1875,TRUSACOM,7.0847215
02/28/1875,TRUSACOM,7.1485941
03/31/1875,TRUSACOM,7.2014045
04/30/1875,TRUSACOM,7.2916837
05/31/1875,TRUSACOM,7.3608155
06/30/1875,TRUSACOM,7.3854341
07/31/1875,TRUSACOM,7.4650657
08/31/1875,TRUSACOM,7.5185243
09/30/1875,TRUSACOM,7.5897827
10/31/1875,TRUSACOM,7.6106518
11/30/1875,TRUSACOM,7.6832919
12/31/1875,TRUSACOM,7.7726203
01/31/1876,TRUSACOM,7.8579758
02/29/1876,TRUSACOM,7.944427
03/31/1876,TRUSACOM,8.0168241
04/30/1876,TRUSACOM,8.0432812
05/31/1876,TRUSACOM,8.0700434
06/30/1876,TRUSACOM,8.1371693
07/31/1876,TRUSACOM,8.2320999
08/30/1876,TRUSACOM,8.3022148
09/30/1876,TRUSACOM,8.2890293
10/31/1876,TRUSACOM,8.3332999
11/30/1876,TRUSACOM,8.390011
12/31/1876,TRUSACOM,8.4402411
01/31/1877,TRUSACOM,8.5148429
02/28/1877,TRUSACOM,8.5356173
03/31/1877,TRUSACOM,8.5282338
04/30/1877,TRUSACOM,8.568649
05/31/1877,TRUSACOM,8.6538231
06/30/1877,TRUSACOM,8.7559985
07/31/1877,TRUSACOM,8.8472343
08/31/1877,TRUSACOM,8.8753809
09/30/1877,TRUSACOM,8.9116347
10/31/1877,TRUSACOM,8.9410256
11/30/1877,TRUSACOM,9.004734
12/31/1877,TRUSACOM,9.0865808
01/31/1878,TRUSACOM,9.1388174
02/28/1878,TRUSACOM,9.1953417
03/31/1878,TRUSACOM,9.2447292
04/30/1878,TRUSACOM,9.2984528
05/31/1878,TRUSACOM,9.3783864
06/30/1878,TRUSACOM,9.4856565
07/31/1878,TRUSACOM,9.5397606
08/31/1878,TRUSACOM,9.561972
09/30/1878,TRUSACOM,9.6196035
10/31/1878,TRUSACOM,9.6951905
11/30/1878,TRUSACOM,9.7811133
12/31/1878,TRUSACOM,9.8522916
01/31/1879,TRUSACOM,10.0018435
02/28/1879,TRUSACOM,10.1796863
03/31/1879,TRUSACOM,10.1558509
04/30/1879,TRUSACOM,10.2083781
05/31/1879,TRUSACOM,10.3688218
06/30/1879,TRUSACOM,10.4634967
07/31/1879,TRUSACOM,10.5570332
08/31/1879,TRUSACOM,10.6140996
09/30/1879,TRUSACOM,10.5844874
10/31/1879,TRUSACOM,10.649603
11/30/1879,TRUSACOM,10.7212967
12/31/1879,TRUSACOM,10.8099866
01/31/1880,TRUSACOM,10.9046642
02/29/1880,TRUSACOM,11.0176293
03/31/1880,TRUSACOM,11.0835203
04/30/1880,TRUSACOM,11.1257865
05/31/1880,TRUSACOM,11.1881615
06/30/1880,TRUSACOM,11.2791088
07/31/1880,TRUSACOM,11.4092061
08/31/1880,TRUSACOM,11.5109868
09/30/1880,TRUSACOM,11.5968086
10/31/1880,TRUSACOM,11.6950804
11/30/1880,TRUSACOM,11.8597211
12/31/1880,TRUSACOM,11.9862627
01/31/1881,TRUSACOM,12.0827216
02/28/1881,TRUSACOM,12.0853317
03/31/1881,TRUSACOM,12.0903438
04/30/1881,TRUSACOM,12.1609659
05/31/1881,TRUSACOM,12.3418389
06/30/1881,TRUSACOM,12.4690934
07/31/1881,TRUSACOM,12.5198396
08/31/1881,TRUSACOM,12.5351427
09/30/1881,TRUSACOM,12.5013387
10/31/1881,TRUSACOM,12.5078254
11/30/1881,TRUSACOM,12.5897476
12/31/1881,TRUSACOM,12.6172047
01/31/1882,TRUSACOM,12.6799668
02/28/1882,TRUSACOM,12.7059583
03/31/1882,TRUSACOM,12.738039
04/30/1882,TRUSACOM,12.8497085
05/31/1882,TRUSACOM,12.9356978
06/30/1882,TRUSACOM,12.9889417
07/31/1882,TRUSACOM,13.0667924
08/31/1882,TRUSACOM,13.0881012
09/30/1882,TRUSACOM,13.1255071
10/31/1882,TRUSACOM,13.1966585
11/30/1882,TRUSACOM,13.2314828
12/31/1882,TRUSACOM,13.2943808
01/31/1883,TRUSACOM,13.3974382
02/28/1883,TRUSACOM,13.4183852
03/31/1883,TRUSACOM,13.4583738
04/30/1883,TRUSACOM,13.5443732
05/31/1883,TRUSACOM,13.6086639
06/30/1883,TRUSACOM,13.6732036
07/31/1883,TRUSACOM,13.7369373
08/31/1883,TRUSACOM,13.7554149
09/30/1883,TRUSACOM,13.811444
10/31/1883,TRUSACOM,13.8858615
11/30/1883,TRUSACOM,13.9873722
12/31/1883,TRUSACOM,14.076214
01/31/1884,TRUSACOM,14.1762266
02/29/1884,TRUSACOM,14.2963435
03/31/1884,TRUSACOM,14.4046716
04/30/1884,TRUSACOM,14.4999162
05/31/1884,TRUSACOM,14.4555386
06/30/1884,TRUSACOM,14.3805095
07/31/1884,TRUSACOM,14.4266514
08/31/1884,TRUSACOM,14.5813942
09/30/1884,TRUSACOM,14.6352226
10/31/1884,TRUSACOM,14.706299
11/30/1884,TRUSACOM,14.7628709
12/31/1884,TRUSACOM,14.8779794
01/31/1885,TRUSACOM,15.0073269
02/28/1885,TRUSACOM,15.1208198
03/31/1885,TRUSACOM,15.2381892
04/30/1885,TRUSACOM,15.3168692
05/31/1885,TRUSACOM,15.4053004
06/30/1885,TRUSACOM,15.5419185
07/31/1885,TRUSACOM,15.6487521
08/31/1885,TRUSACOM,15.7242287
09/30/1885,TRUSACOM,15.8084953
10/31/1885,TRUSACOM,15.9299305
11/30/1885,TRUSACOM,16.034323
12/31/1885,TRUSACOM,16.1302297
01/31/1886,TRUSACOM,16.2944584
02/28/1886,TRUSACOM,16.4606797
03/31/1886,TRUSACOM,16.5438091
04/30/1886,TRUSACOM,16.5910077
05/31/1886,TRUSACOM,16.6592018
06/30/1886,TRUSACOM,16.7705753
07/31/1886,TRUSACOM,16.8795783
08/31/1886,TRUSACOM,16.9255026
09/30/1886,TRUSACOM,16.9006664
10/31/1886,TRUSACOM,16.9635994
11/30/1886,TRUSACOM,17.0294263
12/31/1886,TRUSACOM,17.0543875
01/31/1887,TRUSACOM,17.1569147
02/28/1887,TRUSACOM,17.2072273
03/31/1887,TRUSACOM,17.245601
04/30/1887,TRUSACOM,17.3034474
05/31/1887,TRUSACOM,17.3903536
06/30/1887,TRUSACOM,17.448554
07/31/1887,TRUSACOM,17.4835841
08/31/1887,TRUSACOM,17.4941978
09/30/1887,TRUSACOM,17.4394368
10/31/1887,TRUSACOM,17.464379
11/30/1887,TRUSACOM,17.593315
12/31/1887,TRUSACOM,17.689154
01/31/1888,TRUSACOM,17.8596538
02/29/1888,TRUSACOM,17.9697878
03/31/1888,TRUSACOM,18.0047854
04/30/1888,TRUSACOM,18.0715251
05/31/1888,TRUSACOM,18.1700244
06/30/1888,TRUSACOM,18.2759719
07/31/1888,TRUSACOM,18.4242884
08/31/1888,TRUSACOM,18.5027707
09/30/1888,TRUSACOM,18.5185408
10/31/1888,TRUSACOM,18.5744369
11/30/1888,TRUSACOM,18.5602846
12/31/1888,TRUSACOM,18.7632958
01/31/1889,TRUSACOM,18.9119445
02/28/1889,TRUSACOM,19.0640263
03/31/1889,TRUSACOM,19.1165003
04/30/1889,TRUSACOM,19.2011575
05/31/1889,TRUSACOM,19.3517497
06/30/1889,TRUSACOM,19.4981144
07/31/1889,TRUSACOM,19.5300563
08/31/1889,TRUSACOM,19.5841543
09/30/1889,TRUSACOM,19.6479101
10/31/1889,TRUSACOM,19.6434744
11/30/1889,TRUSACOM,19.6569748
12/31/1889,TRUSACOM,19.7053526
01/31/1890,TRUSACOM,19.8088149
02/28/1890,TRUSACOM,19.8794937
03/31/1890,TRUSACOM,19.9221059
04/30/1890,TRUSACOM,19.9951346
05/31/1890,TRUSACOM,20.0716186
06/30/1890,TRUSACOM,20.118164
07/31/1890,TRUSACOM,20.173089
08/31/1890,TRUSACOM,20.1869197
09/30/1890,TRUSACOM,20.2221751
10/31/1890,TRUSACOM,20.2547523
11/30/1890,TRUSACOM,20.2399775
12/31/1890,TRUSACOM,20.2294562
01/31/1891,TRUSACOM,20.4859588
02/28/1891,TRUSACOM,20.5697283
03/31/1891,TRUSACOM,20.5547423
04/30/1891,TRUSACOM,20.6121147
05/31/1891,TRUSACOM,20.6341274
06/30/1891,TRUSACOM,20.6146202
07/31/1891,TRUSACOM,20.7082848
08/31/1891,TRUSACOM,20.7924423
09/30/1891,TRUSACOM,20.918016
10/31/1891,TRUSACOM,21.0770669
11/30/1891,TRUSACOM,21.2165068
12/31/1891,TRUSACOM,21.3765063
01/31/1892,TRUSACOM,21.5471436
02/28/1892,TRUSACOM,21.6805923
03/31/1892,TRUSACOM,21.7507236
04/30/1892,TRUSACOM,21.8694887
05/31/1892,TRUSACOM,21.9954785
06/30/1892,TRUSACOM,22.1060284
07/31/1892,TRUSACOM,22.2150905
08/31/1892,TRUSACOM,22.2821208
09/30/1892,TRUSACOM,22.2860732
10/31/1892,TRUSACOM,22.3737543
11/30/1892,TRUSACOM,22.4422453
12/31/1892,TRUSACOM,22.4951321
01/31/1893,TRUSACOM,22.6251419
02/28/1893,TRUSACOM,22.769832
03/31/1893,TRUSACOM,22.7902991
04/30/1893,TRUSACOM,22.8673806
05/31/1893,TRUSACOM,22.8544773
06/30/1893,TRUSACOM,22.8049473
07/31/1893,TRUSACOM,22.6179765
08/31/1893,TRUSACOM,22.5030264
09/30/1893,TRUSACOM,22.8652051
10/31/1893,TRUSACOM,23.0705101
11/30/1893,TRUSACOM,23.3518903
12/31/1893,TRUSACOM,23.5679074
01/31/1894,TRUSACOM,23.6704213
02/28/1894,TRUSACOM,23.8616424
03/31/1894,TRUSACOM,24.0287098
04/30/1894,TRUSACOM,24.211491
05/31/1894,TRUSACOM,24.2907173
06/30/1894,TRUSACOM,24.3703049
07/31/1894,TRUSACOM,24.4270632
08/31/1894,TRUSACOM,24.5657652
09/30/1894,TRUSACOM,24.7164952
10/31/1894,TRUSACOM,24.8852694
11/30/1894,TRUSACOM,25.0365525
12/31/1894,TRUSACOM,25.1283203
01/31/1895,TRUSACOM,25.2024259
02/28/1895,TRUSACOM,25.2109468
03/31/1895,TRUSACOM,25.2703291
04/30/1895,TRUSACOM,25.3482439
05/31/1895,TRUSACOM,25.5536953
06/30/1895,TRUSACOM,25.7821925
07/31/1895,TRUSACOM,25.9372236
08/31/1895,TRUSACOM,26.1319333
09/30/1895,TRUSACOM,26.2081721
10/31/1895,TRUSACOM,26.2743575
11/30/1895,TRUSACOM,26.3263489
12/31/1895,TRUSACOM,26.286989
01/31/1896,TRUSACOM,26.2554281
02/29/1896,TRUSACOM,26.4484925
03/31/1896,TRUSACOM,26.5323974
04/30/1896,TRUSACOM,26.6335603
05/31/1896,TRUSACOM,26.7710946
06/30/1896,TRUSACOM,26.8939724
07/31/1896,TRUSACOM,26.7847682
08/31/1896,TRUSACOM,26.4476432
09/30/1896,TRUSACOM,26.7120622
10/31/1896,TRUSACOM,26.9030055
11/30/1896,TRUSACOM,27.2341885
12/31/1896,TRUSACOM,27.443044
01/31/1897,TRUSACOM,27.6568076
02/28/1897,TRUSACOM,27.8158479
03/31/1897,TRUSACOM,28.0441433
04/30/1897,TRUSACOM,28.113967
05/31/1897,TRUSACOM,28.2470036
06/30/1897,TRUSACOM,28.4254511
07/31/1897,TRUSACOM,28.6042167
08/31/1897,TRUSACOM,28.6530795
09/30/1897,TRUSACOM,28.7276509
10/31/1897,TRUSACOM,28.8209815
11/30/1897,TRUSACOM,28.9652844
12/31/1897,TRUSACOM,29.186375
01/31/1898,TRUSACOM,29.3377813
02/28/1898,TRUSACOM,29.4259489
03/31/1898,TRUSACOM,29.3028192
04/30/1898,TRUSACOM,29.1756989
05/31/1898,TRUSACOM,29.3817224
06/30/1898,TRUSACOM,29.6312615
07/31/1898,TRUSACOM,29.852527
08/31/1898,TRUSACOM,30.0280745
09/30/1898,TRUSACOM,30.0819364
10/31/1898,TRUSACOM,30.2609942
11/30/1898,TRUSACOM,30.4600739
12/31/1898,TRUSACOM,30.6545352
01/31/1899,TRUSACOM,30.8843588
02/28/1899,TRUSACOM,30.9711174
03/31/1899,TRUSACOM,31.068325
04/30/1899,TRUSACOM,31.2671447
05/31/1899,TRUSACOM,31.4509522
06/30/1899,TRUSACOM,31.5759869
07/31/1899,TRUSACOM,31.6241463
08/31/1899,TRUSACOM,31.6703508
09/30/1899,TRUSACOM,31.6811996
10/31/1899,TRUSACOM,31.6853147
11/30/1899,TRUSACOM,31.7341616
12/31/1899,TRUSACOM,31.7296455
01/31/1900,TRUSACOM,31.9299005
02/28/1900,TRUSACOM,32.1226721
03/31/1900,TRUSACOM,32.2633733
04/30/1900,TRUSACOM,32.4174636
05/31/1900,TRUSACOM,32.4426204
06/30/1900,TRUSACOM,32.5107671
07/31/1900,TRUSACOM,32.6217145
08/31/1900,TRUSACOM,32.7303334
09/30/1900,TRUSACOM,32.8339638
10/31/1900,TRUSACOM,32.9406195
11/30/1900,TRUSACOM,33.1227201
12/31/1900,TRUSACOM,33.3158926
01/31/1901,TRUSACOM,33.4604314
02/28/1901,TRUSACOM,33.6215825
03/31/1901,TRUSACOM,33.7363765
04/30/1901,TRUSACOM,33.8240144
05/31/1901,TRUSACOM,33.8570933
06/30/1901,TRUSACOM,34.003897
07/31/1901,TRUSACOM,34.0651546
08/31/1901,TRUSACOM,34.1325524
09/30/1901,TRUSACOM,34.2282639
10/31/1901,TRUSACOM,34.3494489
11/30/1901,TRUSACOM,34.540929
12/31/1901,TRUSACOM,34.6538398
01/31/1902,TRUSACOM,34.8037866
02/28/1902,TRUSACOM,34.9398009
03/31/1902,TRUSACOM,35.0561631
04/30/1902,TRUSACOM,35.1899895
05/31/1902,TRUSACOM,35.26393
06/30/1902,TRUSACOM,35.3355471
07/31/1902,TRUSACOM,35.4048574
08/31/1902,TRUSACOM,35.4747552
09/30/1902,TRUSACOM,35.5452436
10/31/1902,TRUSACOM,35.5615121
11/30/1902,TRUSACOM,35.6509846
12/31/1902,TRUSACOM,35.7033276
01/31/1903,TRUSACOM,35.8492295
02/28/1903,TRUSACOM,35.9255061
03/31/1903,TRUSACOM,35.9092066
04/30/1903,TRUSACOM,35.9321499
05/31/1903,TRUSACOM,36.1106512
06/30/1903,TRUSACOM,36.134132
07/31/1903,TRUSACOM,36.120682
08/31/1903,TRUSACOM,36.1116259
09/30/1903,TRUSACOM,36.2266777
10/31/1903,TRUSACOM,36.4804781
11/30/1903,TRUSACOM,36.7050992
12/31/1903,TRUSACOM,36.8078295
01/31/1904,TRUSACOM,36.9678248
02/29/1904,TRUSACOM,37.0651392
03/31/1904,TRUSACOM,37.1539771
04/30/1904,TRUSACOM,37.3519862
05/31/1904,TRUSACOM,37.5260297
06/30/1904,TRUSACOM,37.7248119
07/31/1904,TRUSACOM,37.9700084
08/31/1904,TRUSACOM,38.1321299
09/30/1904,TRUSACOM,38.2480673
10/31/1904,TRUSACOM,38.3986498
11/30/1904,TRUSACOM,38.5558187
12/31/1904,TRUSACOM,38.716451
01/31/1905,TRUSACOM,38.937321
02/28/1905,TRUSACOM,39.0950625
03/31/1905,TRUSACOM,39.186346
04/30/1905,TRUSACOM,39.2909438
05/31/1905,TRUSACOM,39.3992452
06/30/1905,TRUSACOM,39.5432818
07/31/1905,TRUSACOM,39.7102086
08/31/1905,TRUSACOM,39.8289835
09/30/1905,TRUSACOM,39.9546908
10/31/1905,TRUSACOM,40.0808282
11/30/1905,TRUSACOM,40.1292647
12/31/1905,TRUSACOM,40.2297595
01/31/1906,TRUSACOM,40.391646
02/28/1906,TRUSACOM,40.4577115
03/31/1906,TRUSACOM,40.4786626
04/30/1906,TRUSACOM,40.5467418
05/31/1906,TRUSACOM,40.6254909
06/30/1906,TRUSACOM,40.803918
07/31/1906,TRUSACOM,40.8899228
08/31/1906,TRUSACOM,40.9534325
09/30/1906,TRUSACOM,40.994603
10/31/1906,TRUSACOM,41.1697699
11/30/1906,TRUSACOM,41.3319392
12/31/1906,TRUSACOM,41.4173949
01/31/1907,TRUSACOM,41.5203719
02/28/1907,TRUSACOM,41.5836383
03/31/1907,TRUSACOM,41.4866813
04/30/1907,TRUSACOM,41.6304673
05/31/1907,TRUSACOM,41.7006307
06/30/1907,TRUSACOM,41.6707386
07/31/1907,TRUSACOM,41.8244776
08/31/1907,TRUSACOM,41.7862606
09/30/1907,TRUSACOM,41.7534997
10/31/1907,TRUSACOM,41.6389673
11/30/1907,TRUSACOM,41.2222468
12/31/1907,TRUSACOM,41.7670858
01/31/1908,TRUSACOM,42.4590883
02/29/1908,TRUSACOM,42.6598819
03/31/1908,TRUSACOM,42.6991772
04/30/1908,TRUSACOM,42.9640176
05/30/1908,TRUSACOM,43.2642647
06/30/1908,TRUSACOM,43.4388948
07/31/1908,TRUSACOM,43.6808872
08/31/1908,TRUSACOM,43.9942909
09/30/1908,TRUSACOM,44.2690558
10/31/1908,TRUSACOM,44.4616659
11/30/1908,TRUSACOM,44.7522224
12/31/1908,TRUSACOM,44.9742047
01/31/1909,TRUSACOM,45.2185256
02/28/1909,TRUSACOM,45.4706196
03/31/1909,TRUSACOM,45.5827895
04/30/1909,TRUSACOM,45.7215345
05/31/1909,TRUSACOM,45.8942468
06/30/1909,TRUSACOM,45.9855341
07/31/1909,TRUSACOM,46.1634332
08/31/1909,TRUSACOM,46.2781322
09/30/1909,TRUSACOM,46.3598084
10/31/1909,TRUSACOM,46.464945
11/30/1909,TRUSACOM,46.5708725
12/31/1909,TRUSACOM,46.7115437
01/31/1910,TRUSACOM,46.8717643
02/28/1910,TRUSACOM,47.013541
03/31/1910,TRUSACOM,47.1026534
04/30/1910,TRUSACOM,47.1013626
05/31/1910,TRUSACOM,47.1969463
06/30/1910,TRUSACOM,47.2972644
07/31/1910,TRUSACOM,47.3793743
08/31/1910,TRUSACOM,47.5774653
09/30/1910,TRUSACOM,47.9343721
10/31/1910,TRUSACOM,48.1986312
11/30/1910,TRUSACOM,48.2525558
12/31/1910,TRUSACOM,48.4326415
01/31/1911,TRUSACOM,48.6407524
02/28/1911,TRUSACOM,48.7981235
03/31/1911,TRUSACOM,48.9126858
04/30/1911,TRUSACOM,49.1033223
05/31/1911,TRUSACOM,49.3263386
06/30/1911,TRUSACOM,49.4619282
07/31/1911,TRUSACOM,49.6142786
08/31/1911,TRUSACOM,49.735191
09/30/1911,TRUSACOM,49.8408618
10/31/1911,TRUSACOM,50.0482994
11/30/1911,TRUSACOM,50.3090167
12/31/1911,TRUSACOM,50.456086
01/31/1912,TRUSACOM,50.6651694
02/29/1912,TRUSACOM,50.8788915
03/31/1912,TRUSACOM,50.9860377
04/30/1912,TRUSACOM,51.1271358
05/31/1912,TRUSACOM,51.2814219
06/30/1912,TRUSACOM,51.4032514
07/31/1912,TRUSACOM,51.5426048
08/30/1912,TRUSACOM,51.6286304
09/30/1912,TRUSACOM,51.7199883
10/31/1912,TRUSACOM,51.9169639
11/30/1912,TRUSACOM,52.1061606
12/31/1912,TRUSACOM,52.2244094
01/31/1913,TRUSACOM,52.4745462
02/28/1913,TRUSACOM,52.5936757
03/31/1913,TRUSACOM,52.4850807
04/30/1913,TRUSACOM,52.460158
05/31/1913,TRUSACOM,52.4376331
06/30/1913,TRUSACOM,52.4301324
07/31/1913,TRUSACOM,52.6357232
08/31/1913,TRUSACOM,53.0163717
09/30/1913,TRUSACOM,53.3851064
10/31/1913,TRUSACOM,53.4229177
11/30/1913,TRUSACOM,53.376686
12/31/1913,TRUSACOM,53.526187
01/31/1914,TRUSACOM,54.0834693
02/28/1914,TRUSACOM,54.5817522
03/31/1914,TRUSACOM,54.6842402
04/30/1914,TRUSACOM,54.8849769
05/31/1914,TRUSACOM,55.0820197
06/30/1914,TRUSACOM,55.3376552
07/31/1914,TRUSACOM,55.3307466
08/31/1914,TRUSACOM,55.2728402
09/30/1914,TRUSACOM,55.4801133
10/31/1914,TRUSACOM,55.2429933
11/30/1914,TRUSACOM,55.4547581
12/31/1914,TRUSACOM,55.4135463
01/31/1915,TRUSACOM,55.9057889
02/28/1915,TRUSACOM,56.1419975
03/31/1915,TRUSACOM,56.2058474
04/30/1915,TRUSACOM,56.6185462
05/31/1915,TRUSACOM,56.7853465
06/30/1915,TRUSACOM,56.8410154
07/31/1915,TRUSACOM,56.746364
08/31/1915,TRUSACOM,56.8072645
09/30/1915,TRUSACOM,56.9640469
10/31/1915,TRUSACOM,57.646068
11/30/1915,TRUSACOM,58.5120054
12/31/1915,TRUSACOM,58.8013954
01/31/1916,TRUSACOM,59.0961668
02/29/1916,TRUSACOM,59.3728727
03/31/1916,TRUSACOM,59.5184387
04/30/1916,TRUSACOM,59.6510358
05/31/1916,TRUSACOM,59.8226803
06/30/1916,TRUSACOM,60.0190682
07/31/1916,TRUSACOM,60.1783799
08/31/1916,TRUSACOM,60.3102622
09/30/1916,TRUSACOM,60.601092
10/31/1916,TRUSACOM,61.1095015
11/30/1916,TRUSACOM,61.5220944
12/31/1916,TRUSACOM,61.7400142
01/31/1917,TRUSACOM,62.2978989
02/28/1917,TRUSACOM,62.1601773
03/31/1917,TRUSACOM,62.1692194
04/30/1917,TRUSACOM,61.8821916
05/31/1917,TRUSACOM,61.486509
06/30/1917,TRUSACOM,61.4720887
07/31/1917,TRUSACOM,61.4895728
08/31/1917,TRUSACOM,61.5627831
09/30/1917,TRUSACOM,61.3437796
10/31/1917,TRUSACOM,61.3470113
11/30/1917,TRUSACOM,60.9036628
12/31/1917,TRUSACOM,60.73722
01/31/1918,TRUSACOM,61.1795134
02/28/1918,TRUSACOM,61.6962454
03/31/1918,TRUSACOM,61.624428
04/30/1918,TRUSACOM,61.5897919
05/31/1918,TRUSACOM,62.2141445
06/30/1918,TRUSACOM,62.1977011
07/31/1918,TRUSACOM,62.1751117
08/31/1918,TRUSACOM,62.4424744
09/30/1918,TRUSACOM,62.4425579
10/31/1918,TRUSACOM,63.3570353
11/30/1918,TRUSACOM,65.2072013
12/31/1918,TRUSACOM,65.3655121
01/31/1919,TRUSACOM,63.7904817
02/28/1919,TRUSACOM,64.074881
03/31/1919,TRUSACOM,64.1635497
04/30/1919,TRUSACOM,64.2054352
05/31/1919,TRUSACOM,64.7439323
06/30/1919,TRUSACOM,64.9849387
07/31/1919,TRUSACOM,65.0777346
08/31/1919,TRUSACOM,64.7756065
09/30/1919,TRUSACOM,64.8772513
10/31/1919,TRUSACOM,65.479404
11/30/1919,TRUSACOM,65.1818313
12/31/1919,TRUSACOM,65.1408012
01/31/1920,TRUSACOM,65.3522289
02/29/1920,TRUSACOM,65.1181638
03/31/1920,TRUSACOM,65.1385868
04/30/1920,TRUSACOM,64.8668451
05/31/1920,TRUSACOM,64.1660706
06/30/1920,TRUSACOM,63.8710411
07/31/1920,TRUSACOM,64.4044484
08/30/1920,TRUSACOM,64.9402929
09/30/1920,TRUSACOM,65.6766271
10/31/1920,TRUSACOM,66.8714923
11/30/1920,TRUSACOM,67.0561049
12/31/1920,TRUSACOM,66.4849498
01/31/1921,TRUSACOM,67.4405159
02/28/1921,TRUSACOM,68.0940786
03/31/1921,TRUSACOM,68.4390886
04/30/1921,TRUSACOM,68.8901087
05/31/1921,TRUSACOM,68.976397
06/30/1921,TRUSACOM,68.9615336
07/31/1921,TRUSACOM,69.6319276
08/31/1921,TRUSACOM,70.6796488
09/30/1921,TRUSACOM,71.3565635
10/31/1921,TRUSACOM,72.2011673
11/30/1921,TRUSACOM,73.8913342
12/31/1921,TRUSACOM,74.8055404
01/31/1922,TRUSACOM,76.0747698
02/28/1922,TRUSACOM,76.706948
03/31/1922,TRUSACOM,77.4008519
04/30/1922,TRUSACOM,78.2177297
05/31/1922,TRUSACOM,78.6743783
06/30/1922,TRUSACOM,79.3154125
07/31/1922,TRUSACOM,80.1437599
08/31/1922,TRUSACOM,80.7264031
09/30/1922,TRUSACOM,81.2479924
10/31/1922,TRUSACOM,81.3303146
11/30/1922,TRUSACOM,80.9152779
12/31/1922,TRUSACOM,81.3210919
01/31/1923,TRUSACOM,81.9173951
02/28/1923,TRUSACOM,82.0715324
03/31/1923,TRUSACOM,81.7235546
04/30/1923,TRUSACOM,81.8243856
05/31/1923,TRUSACOM,82.560235
06/30/1923,TRUSACOM,82.9790439
07/31/1923,TRUSACOM,83.399296
08/31/1923,TRUSACOM,84.1442437
09/30/1923,TRUSACOM,84.2406364
10/31/1923,TRUSACOM,84.6652031
11/30/1923,TRUSACOM,85.1567544
12/31/1923,TRUSACOM,85.517961
01/31/1924,TRUSACOM,85.8806997
02/29/1924,TRUSACOM,86.244977
03/31/1924,TRUSACOM,86.5441403
04/30/1924,TRUSACOM,87.0459005
05/31/1924,TRUSACOM,87.684182
06/30/1924,TRUSACOM,88.392538
07/31/1924,TRUSACOM,89.0344565
08/31/1924,TRUSACOM,89.4017237
09/30/1924,TRUSACOM,89.7705058
10/31/1924,TRUSACOM,90.3498159
11/30/1924,TRUSACOM,90.5802754
12/31/1924,TRUSACOM,90.8829875
01/31/1925,TRUSACOM,91.2578798
02/28/1925,TRUSACOM,91.6343186
03/31/1925,TRUSACOM,92.2969053
04/30/1925,TRUSACOM,92.9613882
05/31/1925,TRUSACOM,93.627739
06/30/1925,TRUSACOM,94.0045906
07/31/1925,TRUSACOM,94.0915448
08/31/1925,TRUSACOM,94.254672
09/30/1925,TRUSACOM,94.859166
10/31/1925,TRUSACOM,95.3914896
11/30/1925,TRUSACOM,95.851109
12/31/1925,TRUSACOM,96.1633309
01/31/1926,TRUSACOM,96.7762362
02/28/1926,TRUSACOM,97.5416103
03/31/1926,TRUSACOM,97.7778637
04/30/1926,TRUSACOM,98.5488951
05/31/1926,TRUSACOM,99.1683702
06/30/1926,TRUSACOM,99.4804968
07/31/1926,TRUSACOM,99.9491993
08/31/1926,TRUSACOM,100.2637835
09/30/1926,TRUSACOM,100.6581544
10/31/1926,TRUSACOM,101.1324055
11/30/1926,TRUSACOM,101.7657037
12/31/1926,TRUSACOM,102.16259
01/31/1927,TRUSACOM,102.7201983
02/28/1927,TRUSACOM,103.0391613
03/31/1927,TRUSACOM,103.8421357
04/30/1927,TRUSACOM,104.56612
05/31/1927,TRUSACOM,105.046763
06/30/1927,TRUSACOM,105.3649565
07/31/1927,TRUSACOM,105.6029874
08/31/1927,TRUSACOM,106.3375916
09/30/1927,TRUSACOM,106.9076656
10/31/1927,TRUSACOM,107.5626507
11/30/1927,TRUSACOM,108.1349417
12/31/1927,TRUSACOM,108.7931384
01/31/1928,TRUSACOM,109.1974862
02/29/1928,TRUSACOM,109.6033369
03/31/1928,TRUSACOM,110.0106959
04/30/1928,TRUSACOM,110.419569
05/31/1928,TRUSACOM,110.5716222
06/30/1928,TRUSACOM,110.297433
07/31/1928,TRUSACOM,110.3741624
08/31/1928,TRUSACOM,110.540554
09/30/1928,TRUSACOM,111.2266028
10/31/1928,TRUSACOM,111.6538983
11/30/1928,TRUSACOM,112.3441884
12/31/1928,TRUSACOM,112.5106182
01/31/1929,TRUSACOM,112.8552255
02/28/1929,TRUSACOM,112.9387111
03/31/1929,TRUSACOM,113.0262431
04/30/1929,TRUSACOM,113.5569104
05/31/1929,TRUSACOM,113.9124037
06/30/1929,TRUSACOM,113.740193
07/31/1929,TRUSACOM,114.1923102
08/31/1929,TRUSACOM,114.4688928
09/30/1929,TRUSACOM,114.83692
10/31/1929,TRUSACOM,115.5642696
11/30/1929,TRUSACOM,116.1134953
12/31/1929,TRUSACOM,117.3898347
01/31/1930,TRUSACOM,117.9380977
02/28/1930,TRUSACOM,118.1210218
03/31/1930,TRUSACOM,119.5061971
04/30/1930,TRUSACOM,119.7771995
05/31/1930,TRUSACOM,120.4241673
06/30/1930,TRUSACOM,121.1667601
07/31/1930,TRUSACOM,122.1956817
08/31/1930,TRUSACOM,123.2277694
09/30/1930,TRUSACOM,124.0695102
10/31/1930,TRUSACOM,124.0406438
11/30/1930,TRUSACOM,124.1138063
12/31/1930,TRUSACOM,124.7721503
01/31/1931,TRUSACOM,125.7252198
02/28/1931,TRUSACOM,126.2866035
03/31/1931,TRUSACOM,127.0472365
04/30/1931,TRUSACOM,127.1143297
05/31/1931,TRUSACOM,128.1802331
06/30/1931,TRUSACOM,128.4456206
07/31/1931,TRUSACOM,129.3673779
08/31/1931,TRUSACOM,128.977707
09/30/1931,TRUSACOM,125.5932178
10/31/1931,TRUSACOM,123.400865
11/30/1931,TRUSACOM,124.4025192
12/31/1931,TRUSACOM,122.0770374
01/31/1932,TRUSACOM,123.3752796
02/29/1932,TRUSACOM,125.2568566
03/31/1932,TRUSACOM,127.3519334
04/30/1932,TRUSACOM,126.02
05/31/1932,TRUSACOM,121.6195749
06/30/1932,TRUSACOM,124.7418768
07/31/1932,TRUSACOM,128.0262279
08/31/1932,TRUSACOM,131.8889227
09/30/1932,TRUSACOM,134.2755464
10/31/1932,TRUSACOM,134.3736936
11/30/1932,TRUSACOM,135.2087286
12/31/1932,TRUSACOM,136.6812871
01/31/1933,TRUSACOM,138.3762663
02/28/1933,TRUSACOM,137.2753239
03/31/1933,TRUSACOM,136.9451328
04/30/1933,TRUSACOM,136.2033872
05/31/1933,TRUSACOM,139.5309817
06/30/1933,TRUSACOM,141.1493836
07/31/1933,TRUSACOM,142.5540051
08/31/1933,TRUSACOM,143.4035311
09/30/1933,TRUSACOM,143.0225856
10/31/1933,TRUSACOM,143.8806019
11/30/1933,TRUSACOM,141.291717
12/31/1933,TRUSACOM,143.8346912
01/31/1934,TRUSACOM,146.0652828
02/28/1934,TRUSACOM,148.2003148
03/31/1934,TRUSACOM,149.0634132
04/30/1934,TRUSACOM,150.6340418
05/31/1934,TRUSACOM,151.8536516
06/30/1934,TRUSACOM,153.1964225
07/31/1934,TRUSACOM,153.6955875
08/31/1934,TRUSACOM,153.9544934
09/30/1934,TRUSACOM,154.095538
10/31/1934,TRUSACOM,155.700229
11/30/1934,TRUSACOM,156.5710199
12/31/1934,TRUSACOM,157.5668014
01/31/1935,TRUSACOM,158.5639034
02/28/1935,TRUSACOM,160.0981687
03/31/1935,TRUSACOM,160.7197761
04/30/1935,TRUSACOM,161.4737671
05/31/1935,TRUSACOM,162.0967337
06/30/1935,TRUSACOM,163.2514214
07/31/1935,TRUSACOM,164.1403386
08/31/1935,TRUSACOM,163.5586262
09/30/1935,TRUSACOM,164.8579085
10/31/1935,TRUSACOM,166.295435
11/30/1935,TRUSACOM,167.3267039
12/31/1935,TRUSACOM,168.3590942
01/31/1936,TRUSACOM,169.9469053
02/29/1936,TRUSACOM,170.9793912
03/31/1936,TRUSACOM,171.731614
04/30/1936,TRUSACOM,172.0616901
05/31/1936,TRUSACOM,173.3837543
06/30/1936,TRUSACOM,173.709684
07/31/1936,TRUSACOM,174.6083352
08/31/1936,TRUSACOM,175.3637823
09/30/1936,TRUSACOM,176.1196543
10/31/1936,TRUSACOM,176.5863713
11/30/1936,TRUSACOM,177.7811872
12/31/1936,TRUSACOM,178.8304422
01/31/1937,TRUSACOM,178.4111454
02/28/1937,TRUSACOM,177.6700063
03/31/1937,TRUSACOM,176.1976611
04/30/1937,TRUSACOM,176.2431366
05/31/1937,TRUSACOM,178.0924087
06/30/1937,TRUSACOM,178.884917
07/31/1937,TRUSACOM,180.2881807
08/31/1937,TRUSACOM,180.1601805
09/30/1937,TRUSACOM,180.1911094
10/31/1937,TRUSACOM,181.2984507
11/30/1937,TRUSACOM,181.7894673
12/31/1937,TRUSACOM,183.3667561
01/31/1938,TRUSACOM,183.0749068
02/28/1938,TRUSACOM,184.3475482
03/31/1938,TRUSACOM,183.4313371
04/30/1938,TRUSACOM,184.0870833
05/31/1938,TRUSACOM,185.0570615
06/30/1938,TRUSACOM,185.0840337
07/31/1938,TRUSACOM,186.6913159
08/31/1938,TRUSACOM,187.5053993
09/30/1938,TRUSACOM,186.8882221
10/31/1938,TRUSACOM,189.149196
11/30/1938,TRUSACOM,190.1261165
12/31/1938,TRUSACOM,191.4284525
01/31/1939,TRUSACOM,192.2414106
02/28/1939,TRUSACOM,193.2188749
03/31/1939,TRUSACOM,193.3729046
04/30/1939,TRUSACOM,194.0244018
05/31/1939,TRUSACOM,195.5060164
06/30/1939,TRUSACOM,196.6548191
07/31/1939,TRUSACOM,197.131707
08/31/1939,TRUSACOM,196.6035936
09/30/1939,TRUSACOM,192.2976549
10/31/1939,TRUSACOM,195.7867594
11/30/1939,TRUSACOM,198.1328549
12/31/1939,TRUSACOM,199.6397275
01/31/1940,TRUSACOM,200.8064932
02/29/1940,TRUSACOM,201.6298981
03/31/1940,TRUSACOM,202.4534013
04/30/1940,TRUSACOM,203.1038305
05/31/1940,TRUSACOM,199.6359607
06/30/1940,TRUSACOM,202.8853626
07/31/1940,TRUSACOM,203.7205902
08/31/1940,TRUSACOM,204.9047494
09/30/1940,TRUSACOM,205.7382967
10/31/1940,TRUSACOM,206.7480601
11/30/1940,TRUSACOM,208.290139
12/31/1940,TRUSACOM,208.7622633
01/31/1941,TRUSACOM,208.5228017
02/28/1941,TRUSACOM,208.468518
03/31/1941,TRUSACOM,208.2421471
04/30/1941,TRUSACOM,208.911174
05/31/1941,TRUSACOM,209.4021152
06/30/1941,TRUSACOM,211.1504452
07/31/1941,TRUSACOM,211.8149114
08/31/1941,TRUSACOM,212.2985554
09/30/1941,TRUSACOM,212.6018985
10/31/1941,TRUSACOM,213.4529316
11/30/1941,TRUSACOM,214.1211294
12/31/1941,TRUSACOM,212.4221914
01/31/1942,TRUSACOM,212.9249239
02/28/1942,TRUSACOM,213.0655772
03/31/1942,TRUSACOM,213.7553617
04/30/1942,TRUSACOM,214.6283882
05/31/1942,TRUSACOM,214.7683343
06/30/1942,TRUSACOM,215.4618637
07/31/1942,TRUSACOM,216.3401085
08/31/1942,TRUSACOM,217.2184159
09/30/1942,TRUSACOM,217.7252588
10/31/1942,TRUSACOM,218.2332844
11/30/1942,TRUSACOM,218.7424954
12/31/1942,TRUSACOM,219.0661168
01/31/1943,TRUSACOM,220.1412931
02/28/1943,TRUSACOM,220.8394886
03/31/1943,TRUSACOM,221.5380807
04/30/1943,TRUSACOM,222.2370591
05/31/1943,TRUSACOM,222.9364136
06/30/1943,TRUSACOM,223.8270028
07/31/1943,TRUSACOM,224.9093762
08/31/1943,TRUSACOM,225.413548
09/30/1943,TRUSACOM,225.7261235
10/31/1943,TRUSACOM,226.2340073
11/30/1943,TRUSACOM,226.3564133
12/31/1943,TRUSACOM,226.4827503
01/31/1944,TRUSACOM,227.1936012
02/29/1944,TRUSACOM,227.5163107
03/31/1944,TRUSACOM,228.0358062
04/30/1944,TRUSACOM,228.7515316
05/31/1944,TRUSACOM,229.4676205
06/30/1944,TRUSACOM,229.9877471
07/31/1944,TRUSACOM,230.5090527
08/31/1944,TRUSACOM,231.0315399
09/30/1944,TRUSACOM,231.5552114
10/31/1944,TRUSACOM,231.8821629
11/30/1944,TRUSACOM,232.608052
12/31/1944,TRUSACOM,233.5334958
01/31/1945,TRUSACOM,234.2587874
02/28/1945,TRUSACOM,235.5870416
03/31/1945,TRUSACOM,237.1178706
04/30/1945,TRUSACOM,237.4286754
05/31/1945,TRUSACOM,237.7418904
06/30/1945,TRUSACOM,238.4645962
07/31/1945,TRUSACOM,239.1875361
08/31/1945,TRUSACOM,239.2965327
09/30/1945,TRUSACOM,239.8189968
10/31/1945,TRUSACOM,240.3426016
11/30/1945,TRUSACOM,241.0732133
12/31/1945,TRUSACOM,241.8040615
01/31/1946,TRUSACOM,243.9909957
02/28/1946,TRUSACOM,245.3415577
03/31/1946,TRUSACOM,246.2697926
04/30/1946,TRUSACOM,246.3525865
05/31/1946,TRUSACOM,246.228874
06/30/1946,TRUSACOM,247.1664717
07/31/1946,TRUSACOM,247.6793421
08/31/1946,TRUSACOM,247.7689523
09/30/1946,TRUSACOM,246.3840482
10/31/1946,TRUSACOM,246.9178803
11/30/1946,TRUSACOM,247.4528691
12/31/1946,TRUSACOM,247.989017
01/31/1947,TRUSACOM,249.3774336
02/28/1947,TRUSACOM,250.1231933
03/31/1947,TRUSACOM,250.8691242
04/30/1947,TRUSACOM,251.6152146
05/31/1947,TRUSACOM,252.1457033
06/30/1947,TRUSACOM,252.0299703
07/31/1947,TRUSACOM,252.7836624
08/31/1947,TRUSACOM,253.1043404
09/30/1947,TRUSACOM,251.916349
10/31/1947,TRUSACOM,250.9663955
11/30/1947,TRUSACOM,249.3973671
12/31/1947,TRUSACOM,248.9188172
01/31/1948,TRUSACOM,249.5120738
02/29/1948,TRUSACOM,250.7466922
03/31/1948,TRUSACOM,251.3380365
04/30/1948,TRUSACOM,253.0066011
05/31/1948,TRUSACOM,254.242265
06/30/1948,TRUSACOM,254.6076839
07/31/1948,TRUSACOM,253.8914385
08/31/1948,TRUSACOM,254.0548182
09/30/1948,TRUSACOM,254.6560813
10/31/1948,TRUSACOM,254.8243011
11/30/1948,TRUSACOM,256.5219888
12/31/1948,TRUSACOM,258.2209557
01/31/1949,TRUSACOM,260.142971
02/28/1949,TRUSACOM,260.5058993
03/31/1949,TRUSACOM,261.3171041
04/30/1949,TRUSACOM,261.9050676
05/31/1949,TRUSACOM,262.2704542
06/30/1949,TRUSACOM,262.8627483
07/31/1949,TRUSACOM,265.0354083
08/31/1949,TRUSACOM,266.3000354
09/30/1949,TRUSACOM,266.879238
10/31/1949,TRUSACOM,267.4597003
11/30/1949,TRUSACOM,268.4998858
12/31/1949,TRUSACOM,269.5397509
01/31/1950,TRUSACOM,269.8862326
02/28/1950,TRUSACOM,270.466488
03/31/1950,TRUSACOM,270.8164423
04/30/1950,TRUSACOM,271.1691337
05/31/1950,TRUSACOM,271.2927041
06/30/1950,TRUSACOM,271.6528807
07/31/1950,TRUSACOM,271.7836283
08/31/1950,TRUSACOM,273.3160339
09/30/1950,TRUSACOM,272.7432632
10/31/1950,TRUSACOM,272.8815204
11/30/1950,TRUSACOM,273.958321
12/31/1950,TRUSACOM,274.5655953
01/31/1951,TRUSACOM,275.409281
02/28/1951,TRUSACOM,275.7818921
03/31/1951,TRUSACOM,272.4146188
04/30/1951,TRUSACOM,271.6653327
05/31/1951,TRUSACOM,272.3195934
06/30/1951,TRUSACOM,270.6628757
07/31/1951,TRUSACOM,272.9577137
08/30/1951,TRUSACOM,275.2574626
09/30/1951,TRUSACOM,276.3816779
10/31/1951,TRUSACOM,274.9185871
11/30/1951,TRUSACOM,274.4178061
12/31/1951,TRUSACOM,273.6973711
01/31/1952,TRUSACOM,275.7916101
02/29/1952,TRUSACOM,276.9449082
03/31/1952,TRUSACOM,277.3896801
04/30/1952,TRUSACOM,278.7845035
05/31/1952,TRUSACOM,279.4652023
06/30/1952,TRUSACOM,280.1475632
07/31/1952,TRUSACOM,280.3541477
08/31/1952,TRUSACOM,281.0433516
09/30/1952,TRUSACOM,281.2553956
10/31/1952,TRUSACOM,280.9942385
11/30/1952,TRUSACOM,282.6587311
12/31/1952,TRUSACOM,283.1174481
01/31/1953,TRUSACOM,282.136893
02/28/1953,TRUSACOM,281.8946487
03/31/1953,TRUSACOM,281.4235407
04/30/1953,TRUSACOM,279.5402273
05/31/1953,TRUSACOM,277.9336869
06/30/1953,TRUSACOM,277.2985164
07/31/1953,TRUSACOM,282.1175228
08/31/1953,TRUSACOM,282.4002325
09/30/1953,TRUSACOM,282.2096123
10/31/1953,TRUSACOM,287.3373893
11/30/1953,TRUSACOM,287.8400579
12/31/1953,TRUSACOM,288.8358868
01/31/1954,TRUSACOM,291.8088549
02/28/1954,TRUSACOM,295.2950763
03/31/1954,TRUSACOM,297.783024
04/30/1954,TRUSACOM,297.9822747
05/31/1954,TRUSACOM,298.1867467
06/30/1954,TRUSACOM,298.6505407
07/31/1954,TRUSACOM,299.8824369
08/31/1954,TRUSACOM,300.8582215
09/30/1954,TRUSACOM,301.064667
10/31/1954,TRUSACOM,302.3040739
11/30/1954,TRUSACOM,302.7691717
12/31/1954,TRUSACOM,302.4642191
01/31/1955,TRUSACOM,302.6846779
02/28/1955,TRUSACOM,301.3691418
03/31/1955,TRUSACOM,302.3844916
04/30/1955,TRUSACOM,303.1429727
05/31/1955,TRUSACOM,302.872092
06/30/1955,TRUSACOM,303.6418919
07/31/1955,TRUSACOM,303.8969109
08/31/1955,TRUSACOM,303.3836567
09/30/1955,TRUSACOM,304.1724542
10/31/1955,TRUSACOM,305.4815191
11/30/1955,TRUSACOM,306.0107751
12/31/1955,TRUSACOM,305.5047768
01/31/1956,TRUSACOM,308.1345543
02/29/1956,TRUSACOM,309.4531576
03/31/1956,TRUSACOM,308.4065871
04/30/1956,TRUSACOM,305.0479182
05/31/1956,TRUSACOM,306.6650448
06/30/1956,TRUSACOM,307.5007071
07/31/1956,TRUSACOM,307.5561545
08/31/1956,TRUSACOM,303.4855282
09/30/1956,TRUSACOM,302.064272
10/31/1956,TRUSACOM,302.1996685
11/30/1956,TRUSACOM,300.0588712
12/31/1956,TRUSACOM,299.4752091
01/31/1957,TRUSACOM,301.9421859
02/28/1957,TRUSACOM,304.6721971
03/31/1957,TRUSACOM,305.6014473
04/30/1957,TRUSACOM,305.7595618
05/31/1957,TRUSACOM,304.1282559
06/30/1957,TRUSACOM,300.5082201
07/31/1957,TRUSACOM,300.4920035
08/31/1957,TRUSACOM,298.7284929
09/30/1957,TRUSACOM,299.2523688
10/31/1957,TRUSACOM,301.0403908
11/30/1957,TRUSACOM,304.3593179
12/31/1957,TRUSACOM,312.9137088
01/31/1958,TRUSACOM,318.4172178
02/28/1958,TRUSACOM,318.2858254
03/31/1958,TRUSACOM,318.1656229
04/30/1958,TRUSACOM,321.0205495
05/31/1958,TRUSACOM,321.9755856
06/30/1958,TRUSACOM,321.845541
07/31/1958,TRUSACOM,320.3740634
08/31/1958,TRUSACOM,314.9398125
09/30/1958,TRUSACOM,311.5000693
10/31/1958,TRUSACOM,312.3051923
11/30/1958,TRUSACOM,314.6933114
12/31/1958,TRUSACOM,315.2317432
01/31/1959,TRUSACOM,314.4567843
02/28/1959,TRUSACOM,316.3122562
03/31/1959,TRUSACOM,317.1446561
04/30/1959,TRUSACOM,315.1724128
05/31/1959,TRUSACOM,312.2427747
06/30/1959,TRUSACOM,312.1357366
07/31/1959,TRUSACOM,313.8024456
08/31/1959,TRUSACOM,315.2194282
09/30/1959,TRUSACOM,313.8542696
10/31/1959,TRUSACOM,314.5363788
11/30/1959,TRUSACOM,315.9851092
12/31/1959,TRUSACOM,315.6601334
01/31/1960,TRUSACOM,316.8727944
02/29/1960,TRUSACOM,319.8815818
03/31/1960,TRUSACOM,323.1616982
04/30/1960,TRUSACOM,324.3627825
05/31/1960,TRUSACOM,325.3067952
06/30/1960,TRUSACOM,327.0438335
07/31/1960,TRUSACOM,330.1098348
08/31/1960,TRUSACOM,335.3425415
09/30/1960,TRUSACOM,335.4410829
10/31/1960,TRUSACOM,335.8218715
11/30/1960,TRUSACOM,336.4827079
12/31/1960,TRUSACOM,336.8792769
01/31/1961,TRUSACOM,339.191282
02/28/1961,TRUSACOM,342.0595157
03/31/1961,TRUSACOM,344.1024533
04/30/1961,TRUSACOM,343.6461355
05/31/1961,TRUSACOM,345.1498667
06/30/1961,TRUSACOM,343.8761571
07/31/1961,TRUSACOM,343.463558
08/31/1961,TRUSACOM,344.1747239
09/30/1961,TRUSACOM,345.170581
10/31/1961,TRUSACOM,347.2872435
11/30/1961,TRUSACOM,349.408564
12/31/1961,TRUSACOM,349.2794497
01/31/1962,TRUSACOM,351.4185188
02/28/1962,TRUSACOM,352.426429
03/31/1962,TRUSACOM,354.864555
04/30/1962,TRUSACOM,358.1726823
05/31/1962,TRUSACOM,360.6195451
06/30/1962,TRUSACOM,361.3199155
07/31/1962,TRUSACOM,360.8635749
08/31/1962,TRUSACOM,362.7553866
09/30/1962,TRUSACOM,364.651237
10/31/1962,TRUSACOM,367.1423582
11/30/1962,TRUSACOM,369.0432853
12/31/1962,TRUSACOM,370.9480734
01/31/1963,TRUSACOM,372.8566809
02/28/1963,TRUSACOM,374.7690655
03/31/1963,TRUSACOM,376.0776342
04/30/1963,TRUSACOM,376.4784487
05/31/1963,TRUSACOM,377.4978041
06/30/1963,TRUSACOM,379.1341514
07/31/1963,TRUSACOM,378.3263902
08/31/1963,TRUSACOM,379.678907
09/30/1963,TRUSACOM,380.1165025
10/31/1963,TRUSACOM,381.484922
11/30/1963,TRUSACOM,382.5500606
12/31/1963,TRUSACOM,382.6961035
01/31/1964,TRUSACOM,384.0897552
02/29/1964,TRUSACOM,386.1095538
03/31/1964,TRUSACOM,386.2637445
04/30/1964,TRUSACOM,387.0536085
05/31/1964,TRUSACOM,388.4760305
06/30/1964,TRUSACOM,389.9036799
07/31/1964,TRUSACOM,391.6514823
08/31/1964,TRUSACOM,392.7714767
09/30/1964,TRUSACOM,393.8979921
10/31/1964,TRUSACOM,395.0310662
11/30/1964,TRUSACOM,396.170737
12/31/1964,TRUSACOM,397.9564
01/31/1965,TRUSACOM,399.746841
02/28/1965,TRUSACOM,401.5420521
03/31/1965,TRUSACOM,402.6937225
04/30/1965,TRUSACOM,403.8520982
05/31/1965,TRUSACOM,405.0172178
06/30/1965,TRUSACOM,405.5367334
07/31/1965,TRUSACOM,406.7204177
08/31/1965,TRUSACOM,407.2562359
09/30/1965,TRUSACOM,408.4587017
10/31/1965,TRUSACOM,408.3550609
11/30/1965,TRUSACOM,408.5971241
12/31/1965,TRUSACOM,406.2424434
01/31/1966,TRUSACOM,407.5173864
02/28/1966,TRUSACOM,406.6016378
03/31/1966,TRUSACOM,403.5316453
04/30/1966,TRUSACOM,405.8287907
05/31/1966,TRUSACOM,405.3084663
06/30/1966,TRUSACOM,405.4388777
07/31/1966,TRUSACOM,402.4805813
08/31/1966,TRUSACOM,399.6052034
09/30/1966,TRUSACOM,398.3315401
10/31/1966,TRUSACOM,403.2231217
11/30/1966,TRUSACOM,405.3380985
12/31/1966,TRUSACOM,405.902595
01/31/1967,TRUSACOM,419.1642235
02/28/1967,TRUSACOM,420.6004819
03/31/1967,TRUSACOM,420.0998648
04/30/1967,TRUSACOM,422.2171374
05/31/1967,TRUSACOM,417.5481831
06/30/1967,TRUSACOM,411.4454782
07/31/1967,TRUSACOM,413.0362182
08/30/1967,TRUSACOM,412.4273073
09/30/1967,TRUSACOM,414.0532348
10/31/1967,TRUSACOM,408.4764853
11/30/1967,TRUSACOM,404.9197093
12/31/1967,TRUSACOM,402.0774169
01/31/1968,TRUSACOM,407.8508689
02/29/1968,TRUSACOM,410.8347811
03/31/1968,TRUSACOM,410.5027513
04/30/1968,TRUSACOM,411.1040415
05/31/1968,TRUSACOM,411.1224923
06/30/1968,TRUSACOM,413.8827881
07/31/1968,TRUSACOM,417.5714406
08/30/1968,TRUSACOM,427.5123648
09/30/1968,TRUSACOM,428.6919205
10/31/1968,TRUSACOM,426.7399707
11/30/1968,TRUSACOM,424.2308694
12/31/1968,TRUSACOM,418.7374981
01/31/1969,TRUSACOM,419.1810403
02/28/1969,TRUSACOM,418.7341815
03/31/1969,TRUSACOM,411.7159099
04/30/1969,TRUSACOM,419.5419929
05/31/1969,TRUSACOM,421.3119492
06/30/1969,TRUSACOM,417.6268603
07/31/1969,TRUSACOM,417.9580863
08/31/1969,TRUSACOM,424.0871273
09/30/1969,TRUSACOM,420.1446766
10/31/1969,TRUSACOM,420.8423487
11/30/1969,TRUSACOM,415.863421
12/31/1969,TRUSACOM,408.4404533
01/31/1970,TRUSACOM,409.0702363
02/28/1970,TRUSACOM,413.9898085
03/31/1970,TRUSACOM,414.1748725
04/30/1970,TRUSACOM,419.4412532
05/31/1970,TRUSACOM,411.550145
06/30/1970,TRUSACOM,403.7484561
07/31/1970,TRUSACOM,415.9439855
08/31/1970,TRUSACOM,422.4626222
09/30/1970,TRUSACOM,427.3239926
10/31/1970,TRUSACOM,429.9059105
11/30/1970,TRUSACOM,434.2506504
12/31/1970,TRUSACOM,453.374557
01/31/1971,TRUSACOM,465.2933229
02/28/1971,TRUSACOM,470.9681352
03/31/1971,TRUSACOM,468.9275186
04/30/1971,TRUSACOM,470.1561424
05/31/1971,TRUSACOM,461.6022216
06/30/1971,TRUSACOM,465.8071282
07/31/1971,TRUSACOM,467.4986672
08/31/1971,TRUSACOM,475.607675
09/30/1971,TRUSACOM,480.5329163
10/31/1971,TRUSACOM,487.8052444
11/30/1971,TRUSACOM,491.7806054
12/31/1971,TRUSACOM,496.791955
01/31/1972,TRUSACOM,499.7809866
02/29/1972,TRUSACOM,501.4185523
03/31/1972,TRUSACOM,505.1403914
04/30/1972,TRUSACOM,504.051962
05/31/1972,TRUSACOM,510.2604373
06/30/1972,TRUSACOM,515.4562623
07/31/1972,TRUSACOM,518.1996558
08/31/1972,TRUSACOM,523.0994858
09/30/1972,TRUSACOM,523.7175279
10/31/1972,TRUSACOM,528.6775529
11/30/1972,TRUSACOM,535.4914988
12/31/1972,TRUSACOM,537.9191887
01/31/1973,TRUSACOM,538.5248173
02/28/1973,TRUSACOM,540.2702217
03/31/1973,TRUSACOM,540.1973252
04/30/1973,TRUSACOM,545.3423829
05/31/1973,TRUSACOM,546.4040056
06/30/1973,TRUSACOM,546.7538226
07/31/1973,TRUSACOM,547.1450051
08/31/1973,TRUSACOM,541.3190423
09/30/1973,TRUSACOM,549.614338
10/31/1973,TRUSACOM,551.6004636
11/30/1973,TRUSACOM,555.1123199
12/31/1973,TRUSACOM,555.2598331
01/31/1974,TRUSACOM,553.2155454
02/28/1974,TRUSACOM,557.2232051
03/31/1974,TRUSACOM,551.9126201
04/30/1974,TRUSACOM,549.3636868
05/31/1974,TRUSACOM,549.1133769
06/30/1974,TRUSACOM,546.377942
07/31/1974,TRUSACOM,543.04386
08/31/1974,TRUSACOM,536.3147861
09/30/1974,TRUSACOM,531.5986521
10/31/1974,TRUSACOM,540.2991449
11/30/1974,TRUSACOM,557.1017094
12/31/1974,TRUSACOM,558.9908866
01/31/1975,TRUSACOM,569.1127322
02/28/1975,TRUSACOM,579.7463108
03/31/1975,TRUSACOM,575.8282159
04/30/1975,TRUSACOM,572.8241218
05/31/1975,TRUSACOM,579.7708403
06/30/1975,TRUSACOM,589.8790316
07/31/1975,TRUSACOM,590.2713513
08/31/1975,TRUSACOM,590.3325936
09/30/1975,TRUSACOM,595.5235227
10/31/1975,TRUSACOM,606.3214993
11/30/1975,TRUSACOM,609.5494561
12/31/1975,TRUSACOM,620.1423955
01/31/1976,TRUSACOM,628.3538854
02/29/1976,TRUSACOM,635.3664217
03/31/1976,TRUSACOM,640.2973527
04/30/1976,TRUSACOM,648.7029232
05/31/1976,TRUSACOM,642.9243837
06/30/1976,TRUSACOM,649.7073508
07/31/1976,TRUSACOM,656.5370182
08/30/1976,TRUSACOM,666.9510461
09/30/1976,TRUSACOM,674.3191324
10/31/1976,TRUSACOM,680.3757566
11/30/1976,TRUSACOM,692.4574173
12/31/1976,TRUSACOM,708.4821971
01/31/1977,TRUSACOM,708.3911025
02/28/1977,TRUSACOM,710.2686867
03/31/1977,TRUSACOM,715.0570814
04/30/1977,TRUSACOM,723.264287
05/31/1977,TRUSACOM,728.0981034
06/30/1977,TRUSACOM,738.4001606
07/31/1977,TRUSACOM,740.7737147
08/31/1977,TRUSACOM,746.6902983
09/30/1977,TRUSACOM,750.6214794
10/31/1977,TRUSACOM,750.5467565
11/30/1977,TRUSACOM,755.5879289
12/31/1977,TRUSACOM,748.5523244
01/31/1978,TRUSACOM,747.2309311
02/28/1978,TRUSACOM,748.9869948
03/31/1978,TRUSACOM,754.7935687
04/30/1978,TRUSACOM,755.6064322
05/31/1978,TRUSACOM,751.5000402
06/30/1978,TRUSACOM,755.494336
07/31/1978,TRUSACOM,757.5291748
08/31/1978,TRUSACOM,772.2529901
09/30/1978,TRUSACOM,773.7429006
10/31/1978,TRUSACOM,769.6978683
11/30/1978,TRUSACOM,770.3662746
12/31/1978,TRUSACOM,765.080533
01/31/1979,TRUSACOM,774.5337497
02/28/1979,TRUSACOM,776.0984245
03/31/1979,TRUSACOM,779.6756069
04/30/1979,TRUSACOM,781.3549289
05/31/1979,TRUSACOM,785.0549199
06/30/1979,TRUSACOM,806.2176579
07/31/1979,TRUSACOM,808.8414817
08/31/1979,TRUSACOM,813.0480859
09/30/1979,TRUSACOM,809.7027694
10/31/1979,TRUSACOM,761.3959944
11/30/1979,TRUSACOM,768.134349
12/31/1979,TRUSACOM,761.4734886
01/31/1980,TRUSACOM,748.4072989
02/29/1980,TRUSACOM,695.1518715
03/31/1980,TRUSACOM,703.3598655
04/30/1980,TRUSACOM,760.2590862
05/31/1980,TRUSACOM,796.0658562
06/30/1980,TRUSACOM,836.1176391
07/31/1980,TRUSACOM,806.8730965
08/31/1980,TRUSACOM,781.5428933
09/30/1980,TRUSACOM,777.2094224
10/31/1980,TRUSACOM,769.9910314
11/30/1980,TRUSACOM,751.8207134
12/31/1980,TRUSACOM,736.0382312
01/31/1981,TRUSACOM,768.9057156
02/28/1981,TRUSACOM,752.7525707
03/31/1981,TRUSACOM,785.0127803
04/30/1981,TRUSACOM,753.9507464
05/31/1981,TRUSACOM,747.4489533
06/30/1981,TRUSACOM,777.7723269
07/31/1981,TRUSACOM,748.9911886
08/31/1981,TRUSACOM,748.153075
09/30/1981,TRUSACOM,732.6679766
10/31/1981,TRUSACOM,739.6903461
11/30/1981,TRUSACOM,818.1594642
12/31/1981,TRUSACOM,806.6654882
01/31/1982,TRUSACOM,774.890388
02/28/1982,TRUSACOM,786.4734334
03/31/1982,TRUSACOM,827.5632222
04/30/1982,TRUSACOM,848.803007
05/31/1982,TRUSACOM,862.2785208
06/30/1982,TRUSACOM,829.4885406
07/31/1982,TRUSACOM,882.5664805
08/31/1982,TRUSACOM,953.9490105
09/30/1982,TRUSACOM,965.4665972
10/31/1982,TRUSACOM,1042.691776
11/30/1982,TRUSACOM,1069.333918
12/31/1982,TRUSACOM,1070.222758
01/31/1983,TRUSACOM,1072.537635
02/28/1983,TRUSACOM,1100.603063
03/31/1983,TRUSACOM,1108.046118
04/30/1983,TRUSACOM,1142.351738
05/31/1983,TRUSACOM,1132.848754
06/30/1983,TRUSACOM,1132.467184
07/31/1983,TRUSACOM,1110.668109
08/31/1983,TRUSACOM,1113.017785
09/30/1983,TRUSACOM,1142.42036
10/31/1983,TRUSACOM,1144.019867
11/30/1983,TRUSACOM,1157.841818
12/31/1983,TRUSACOM,1154.243298
01/31/1984,TRUSACOM,1207.160915
02/29/1984,TRUSACOM,1200.809221
03/31/1984,TRUSACOM,1183.161461
04/30/1984,TRUSACOM,1173.851942
05/31/1984,TRUSACOM,1149.988475
06/30/1984,TRUSACOM,1150.572255
07/31/1984,TRUSACOM,1201.962654
08/31/1984,TRUSACOM,1236.217756
09/30/1984,TRUSACOM,1274.24201
10/31/1984,TRUSACOM,1289.04101
11/30/1984,TRUSACOM,1337.886507
12/31/1984,TRUSACOM,1347.368093
01/31/1985,TRUSACOM,1385.97706
02/28/1985,TRUSACOM,1341.879229
03/31/1985,TRUSACOM,1356.654901
04/30/1985,TRUSACOM,1393.306863
05/31/1985,TRUSACOM,1487.820735
06/30/1985,TRUSACOM,1518.975507
07/31/1985,TRUSACOM,1518.403275
08/31/1985,TRUSACOM,1568.931332
09/30/1985,TRUSACOM,1567.961978
10/31/1985,TRUSACOM,1599.596407
11/30/1985,TRUSACOM,1652.635614
12/31/1985,TRUSACOM,1719.889385
01/31/1986,TRUSACOM,1728.808619
02/28/1986,TRUSACOM,1830.783776
03/31/1986,TRUSACOM,1890.619602
04/30/1986,TRUSACOM,1887.761547
05/31/1986,TRUSACOM,1878.09722
06/30/1986,TRUSACOM,1913.931764
07/31/1986,TRUSACOM,1940.424421
08/31/1986,TRUSACOM,1985.920093
09/30/1986,TRUSACOM,1956.444862
10/31/1986,TRUSACOM,1998.615018
11/30/1986,TRUSACOM,2040.164605
12/31/1986,TRUSACOM,2059.914289
01/31/1987,TRUSACOM,2091.750178
02/28/1987,TRUSACOM,2109.028917
03/31/1987,TRUSACOM,2110.213118
04/30/1987,TRUSACOM,2025.528753
05/31/1987,TRUSACOM,2018.253773
06/30/1987,TRUSACOM,2045.502407
07/31/1987,TRUSACOM,2026.983981
08/31/1987,TRUSACOM,2019.239793
09/30/1987,TRUSACOM,1966.826801
10/31/1987,TRUSACOM,1995.900628
11/30/1987,TRUSACOM,2032.735006
12/31/1987,TRUSACOM,2048.518055
01/31/1988,TRUSACOM,2127.824688
02/29/1988,TRUSACOM,2183.908454
03/31/1988,TRUSACOM,2166.826576
04/30/1988,TRUSACOM,2161.173197
05/31/1988,TRUSACOM,2136.117101
06/30/1988,TRUSACOM,2180.676885
07/31/1988,TRUSACOM,2171.651993
08/31/1988,TRUSACOM,2171.099532
09/30/1988,TRUSACOM,2259.383565
10/31/1988,TRUSACOM,2313.238678
11/30/1988,TRUSACOM,2309.749544
12/31/1988,TRUSACOM,2323.838826
01/31/1989,TRUSACOM,2349.711733
02/28/1989,TRUSACOM,2336.345829
03/31/1989,TRUSACOM,2337.986476
04/30/1989,TRUSACOM,2380.660758
05/31/1989,TRUSACOM,2452.70508
06/30/1989,TRUSACOM,2529.810955
07/31/1989,TRUSACOM,2571.374981
08/31/1989,TRUSACOM,2561.199159
09/30/1989,TRUSACOM,2587.009867
10/31/1989,TRUSACOM,2629.513654
11/30/1989,TRUSACOM,2643.944552
12/31/1989,TRUSACOM,2666.914183
01/31/1990,TRUSACOM,2636.47126
02/28/1990,TRUSACOM,2646.471424
03/31/1990,TRUSACOM,2644.827357
04/30/1990,TRUSACOM,2625.149869
05/31/1990,TRUSACOM,2681.697752
06/30/1990,TRUSACOM,2726.933586
07/31/1990,TRUSACOM,2760.294968
08/31/1990,TRUSACOM,2713.216254
09/30/1990,TRUSACOM,2724.500303
10/31/1990,TRUSACOM,2770.877154
11/30/1990,TRUSACOM,2852.181855
12/31/1990,TRUSACOM,2899.873079
01/31/1991,TRUSACOM,2927.326482
02/28/1991,TRUSACOM,2979.792149
03/31/1991,TRUSACOM,2988.244355
04/30/1991,TRUSACOM,3018.192967
05/31/1991,TRUSACOM,3042.461225
06/30/1991,TRUSACOM,3029.665167
07/31/1991,TRUSACOM,3074.132987
08/31/1991,TRUSACOM,3151.416934
09/30/1991,TRUSACOM,3201.004043
10/31/1991,TRUSACOM,3217.49195
11/30/1991,TRUSACOM,3257.308115
12/31/1991,TRUSACOM,3345.074886
01/31/1992,TRUSACOM,3350.326569
02/28/1992,TRUSACOM,3364.395479
03/31/1992,TRUSACOM,3376.392077
04/30/1992,TRUSACOM,3393.09863
05/31/1992,TRUSACOM,3451.148793
06/30/1992,TRUSACOM,3491.116667
07/31/1992,TRUSACOM,3550.361269
08/31/1992,TRUSACOM,3583.671012
09/30/1992,TRUSACOM,3614.751126
10/31/1992,TRUSACOM,3611.898347
11/30/1992,TRUSACOM,3631.25612
12/31/1992,TRUSACOM,3697.643521
01/31/1993,TRUSACOM,3737.047372
02/28/1993,TRUSACOM,3817.738426
03/31/1993,TRUSACOM,3841.981065
04/30/1993,TRUSACOM,3921.822363
05/31/1993,TRUSACOM,3938.006468
06/30/1993,TRUSACOM,4019.456267
07/31/1993,TRUSACOM,4082.523013
08/31/1993,TRUSACOM,4226.841114
09/30/1993,TRUSACOM,4247.404726
10/31/1993,TRUSACOM,4259.287272
11/30/1993,TRUSACOM,4230.43526
12/31/1993,TRUSACOM,4225.676667
01/31/1994,TRUSACOM,4294.304178
02/28/1994,TRUSACOM,4193.588614
03/31/1994,TRUSACOM,4108.839802
04/30/1994,TRUSACOM,4074.210982
05/31/1994,TRUSACOM,4076.265523
06/30/1994,TRUSACOM,4075.938627
07/31/1994,TRUSACOM,4106.134244
08/31/1994,TRUSACOM,4128.211502
09/30/1994,TRUSACOM,4033.183413
10/31/1994,TRUSACOM,4051.121934
11/30/1994,TRUSACOM,4066.589087
12/31/1994,TRUSACOM,4145.057758
01/31/1995,TRUSACOM,4193.734881
02/28/1995,TRUSACOM,4279.761008
03/31/1995,TRUSACOM,4332.06763
04/30/1995,TRUSACOM,4387.705738
05/31/1995,TRUSACOM,4609.023168
06/30/1995,TRUSACOM,4634.217094
07/31/1995,TRUSACOM,4603.037542
08/31/1995,TRUSACOM,4679.47341
09/30/1995,TRUSACOM,4740.569103
10/31/1995,TRUSACOM,4841.642091
11/30/1995,TRUSACOM,4913.865752
12/31/1995,TRUSACOM,5024.633389
01/31/1996,TRUSACOM,5032.02726
02/29/1996,TRUSACOM,4913.474613
03/31/1996,TRUSACOM,4857.581703
04/30/1996,TRUSACOM,4870.852359
05/31/1996,TRUSACOM,4870.834639
06/30/1996,TRUSACOM,4874.61019
07/31/1996,TRUSACOM,4916.058258
08/31/1996,TRUSACOM,4944.011
09/30/1996,TRUSACOM,5024.193172
10/31/1996,TRUSACOM,5155.349081
11/30/1996,TRUSACOM,5248.589129
12/31/1996,TRUSACOM,5242.699594
01/31/1997,TRUSACOM,5164.812086
02/28/1997,TRUSACOM,5207.867385
03/31/1997,TRUSACOM,5146.450537
04/30/1997,TRUSACOM,5204.703537
05/31/1997,TRUSACOM,5237.840149
06/30/1997,TRUSACOM,5371.08737
07/31/1997,TRUSACOM,5561.431892
08/31/1997,TRUSACOM,5484.972692
09/30/1997,TRUSACOM,5591.981321
10/31/1997,TRUSACOM,5692.442268
11/30/1997,TRUSACOM,5745.276333
12/31/1997,TRUSACOM,5806.567875
01/31/1998,TRUSACOM,5880.668902
02/28/1998,TRUSACOM,5888.289368
03/31/1998,TRUSACOM,5908.736041
04/30/1998,TRUSACOM,5908.543405
05/31/1998,TRUSACOM,6030.943702
06/30/1998,TRUSACOM,6102.989392
07/31/1998,TRUSACOM,6105.850052
08/31/1998,TRUSACOM,6174.324215
09/30/1998,TRUSACOM,6296.692443
10/30/1998,TRUSACOM,6289.475243
11/30/1998,TRUSACOM,6395.470549
12/31/1998,TRUSACOM,6433.363876
01/29/1999,TRUSACOM,6494.549668
02/26/1999,TRUSACOM,6327.048782
03/31/1999,TRUSACOM,6343.979312
04/30/1999,TRUSACOM,6392.737365
05/31/1999,TRUSACOM,6258.179532
06/30/1999,TRUSACOM,6181.145005
07/30/1999,TRUSACOM,6192.596267
08/31/1999,TRUSACOM,6191.452894
09/30/1999,TRUSACOM,6221.066027
10/31/1999,TRUSACOM,6229.223746
11/30/1999,TRUSACOM,6263.852036
12/31/1999,TRUSACOM,6255.144006
01/31/2000,TRUSACOM,6268.788378
02/29/2000,TRUSACOM,6282.805977
03/31/2000,TRUSACOM,6376.171415
04/28/2000,TRUSACOM,6363.588605
05/31/2000,TRUSACOM,6321.191342
06/30/2000,TRUSACOM,6478.390247
07/31/2000,TRUSACOM,6560.676332
08/31/2000,TRUSACOM,6606.757766
09/29/2000,TRUSACOM,6620.867473
10/31/2000,TRUSACOM,6746.866139
11/30/2000,TRUSACOM,6831.504805
12/29/2000,TRUSACOM,6979.939552
01/31/2001,TRUSACOM,7011.703317
02/28/2001,TRUSACOM,7148.214315
03/30/2001,TRUSACOM,7134.498918
04/30/2001,TRUSACOM,7076.919526
05/31/2001,TRUSACOM,7085.21634
06/29/2001,TRUSACOM,7213.83103
07/31/2001,TRUSACOM,7328.59233
08/31/2001,TRUSACOM,7439.281792
09/28/2001,TRUSACOM,7336.649131
10/31/2001,TRUSACOM,7532.371956
11/30/2001,TRUSACOM,7527.968427
12/31/2001,TRUSACOM,7771.959704
01/31/2002,TRUSACOM,7881.602492
02/28/2002,TRUSACOM,7929.981761
03/29/2002,TRUSACOM,7778.117291
04/30/2002,TRUSACOM,7888.998384
05/31/2002,TRUSACOM,7938.84636
06/28/2002,TRUSACOM,8045.627809
07/31/2002,TRUSACOM,8084.223068
08/30/2002,TRUSACOM,8309.64321
09/30/2002,TRUSACOM,8473.344796
10/31/2002,TRUSACOM,8342.300756
11/29/2002,TRUSACOM,8446.659519
12/31/2002,TRUSACOM,8631.505254
01/31/2003,TRUSACOM,8681.372672
02/28/2003,TRUSACOM,8854.619738
03/31/2003,TRUSACOM,8957.161309
04/30/2003,TRUSACOM,9107.388488
05/30/2003,TRUSACOM,9553.827025
06/30/2003,TRUSACOM,9479.816404
07/31/2003,TRUSACOM,9112.747468
08/29/2003,TRUSACOM,9129.640279
09/30/2003,TRUSACOM,9359.008419
10/31/2003,TRUSACOM,9270.962283
11/28/2003,TRUSACOM,9440.265144
12/31/2003,TRUSACOM,9427.954334
01/30/2004,TRUSACOM,9514.462379
02/27/2004,TRUSACOM,9622.735186
03/31/2004,TRUSACOM,9724.38567
04/30/2004,TRUSACOM,9427.224733
05/31/2004,TRUSACOM,9445.617874
06/30/2004,TRUSACOM,9457.418713
07/30/2004,TRUSACOM,9560.705686
08/31/2004,TRUSACOM,9844.940479
09/30/2004,TRUSACOM,10008.82543
10/29/2004,TRUSACOM,10016.65986
11/30/2004,TRUSACOM,9973.03744
12/31/2004,TRUSACOM,10041.72244
01/31/2005,TRUSACOM,10323.44186
02/28/2005,TRUSACOM,10337.64856
03/31/2005,TRUSACOM,10260.24114
04/29/2005,TRUSACOM,10492.6173
05/31/2005,TRUSACOM,10617.09454
06/30/2005,TRUSACOM,10774.5416
07/29/2005,TRUSACOM,10778.62668
08/31/2005,TRUSACOM,10864.24602
09/30/2005,TRUSACOM,10707.09472
10/31/2005,TRUSACOM,10570.98098
11/30/2005,TRUSACOM,10674.31676
12/30/2005,TRUSACOM,10818.34611
01/31/2006,TRUSACOM,10752.98357
02/28/2006,TRUSACOM,10841.54263
03/31/2006,TRUSACOM,10626.30291
04/28/2006,TRUSACOM,10450.42179
05/31/2006,TRUSACOM,10525.55042
06/30/2006,TRUSACOM,10538.70047
07/31/2006,TRUSACOM,10740.59605
08/31/2006,TRUSACOM,10969.52751
09/29/2006,TRUSACOM,11143.84541
10/31/2006,TRUSACOM,11160.95498
11/30/2006,TRUSACOM,11388.33748
12/29/2006,TRUSACOM,11269.15724
01/31/2007,TRUSACOM,11253.30207
02/28/2007,TRUSACOM,11586.19334
03/30/2007,TRUSACOM,11455.79276
04/30/2007,TRUSACOM,11456.24753
05/31/2007,TRUSACOM,11431.86301
06/29/2007,TRUSACOM,11266.05092
07/31/2007,TRUSACOM,11463.83693
08/31/2007,TRUSACOM,11424.49599
09/30/2007,TRUSACOM,11479.33357
10/31/2007,TRUSACOM,11723.82283
11/30/2007,TRUSACOM,11998.89301
12/31/2007,TRUSACOM,11803.58098
01/31/2008,TRUSACOM,11946.68739
02/29/2008,TRUSACOM,11930.10242
03/31/2008,TRUSACOM,12011.9814
04/30/2008,TRUSACOM,11986.98331
05/31/2008,TRUSACOM,11936.55273
06/30/2008,TRUSACOM,12100.52789
07/31/2008,TRUSACOM,12022.93509
08/31/2008,TRUSACOM,12306.36368
09/30/2008,TRUSACOM,12136.11547
10/31/2008,TRUSACOM,11575.11911
11/30/2008,TRUSACOM,12406.11427
12/31/2008,TRUSACOM,13391.10356
01/31/2009,TRUSACOM,12861.14691
02/28/2009,TRUSACOM,12726.27443
03/31/2009,TRUSACOM,12821.93583
04/30/2009,TRUSACOM,12822.21153
05/31/2009,TRUSACOM,12966.93028
06/30/2009,TRUSACOM,13015.16123
07/31/2009,TRUSACOM,13259.84621
08/31/2009,TRUSACOM,13376.90189
09/30/2009,TRUSACOM,13514.59415
10/31/2009,TRUSACOM,13450.14559
11/30/2009,TRUSACOM,13660.35697
12/31/2009,TRUSACOM,13393.51118
01/31/2010,TRUSACOM,13543.52508
02/28/2010,TRUSACOM,13634.05246
03/31/2010,TRUSACOM,13578.09192
04/30/2010,TRUSACOM,13775.11206
05/31/2010,TRUSACOM,14027.7408
06/30/2010,TRUSACOM,14472.75529
07/31/2010,TRUSACOM,14483.97226
08/31/2010,TRUSACOM,15046.96109
09/30/2010,TRUSACOM,14774.63696
10/31/2010,TRUSACOM,14590.90142
11/30/2010,TRUSACOM,14603.36829
12/31/2010,TRUSACOM,14559.9762
01/31/2011,TRUSACOM,14351.10601
02/28/2011,TRUSACOM,14445.66003
03/31/2011,TRUSACOM,14440.09968
04/30/2011,TRUSACOM,14569.19263
05/31/2011,TRUSACOM,14801.17241
06/30/2011,TRUSACOM,14634.79225
07/31/2011,TRUSACOM,15041.52234
08/31/2011,TRUSACOM,15614.60237
09/30/2011,TRUSACOM,16233.00155
10/31/2011,TRUSACOM,16389.1665
11/30/2011,TRUSACOM,16198.97083
12/31/2011,TRUSACOM,16641.21372
01/31/2012,TRUSACOM,16759.32306
02/29/2012,TRUSACOM,16702.4045
03/31/2012,TRUSACOM,16432.62785
04/30/2012,TRUSACOM,16608.48666
05/31/2012,TRUSACOM,17032.27944
06/30/2012,TRUSACOM,17252.17598
07/31/2012,TRUSACOM,17688.89322
08/31/2012,TRUSACOM,17636.19568
09/30/2012,TRUSACOM,17599.13873
10/31/2012,TRUSACOM,17678.13554
11/30/2012,TRUSACOM,17469.92744
12/31/2012,TRUSACOM,17394.18445
01/31/2013,TRUSACOM,17124.61666
02/28/2013,TRUSACOM,17264.05706
03/31/2013,TRUSACOM,17235.24853
04/30/2013,TRUSACOM,17574.25038
05/31/2013,TRUSACOM,17079.90705
06/30/2013,TRUSACOM,16823.03495
07/31/2013,TRUSACOM,16802.24294
08/31/2013,TRUSACOM,16715.08596
09/30/2013,TRUSACOM,16683.5957
10/31/2013,TRUSACOM,16854.91904
11/30/2013,TRUSACOM,16728.80986
12/31/2013,TRUSACOM,16860.69717
01/31/2014,TRUSACOM,17116.30396
02/28/2014,TRUSACOM,17332.24096
03/31/2014,TRUSACOM,17394.63703
04/30/2014,TRUSACOM,17612.7348
05/31/2014,TRUSACOM,17745.98993
06/30/2014,TRUSACOM,17821.89289
07/31/2014,TRUSACOM,17883.52693
08/31/2014,TRUSACOM,18237.96908
09/30/2014,TRUSACOM,18150.52046
10/31/2014,TRUSACOM,18434.28154
11/30/2014,TRUSACOM,18599.46886
12/31/2014,TRUSACOM,18826.23361
01/31/2015,TRUSACOM,19558.3118216
02/28/2015,TRUSACOM,19059.9508151
03/31/2015,TRUSACOM,19305.4951441
04/30/2015,TRUSACOM,19018.594887
05/31/2015,TRUSACOM,18770.8507902
06/30/2015,TRUSACOM,18455.6597011
07/31/2015,TRUSACOM,18700.477219
08/31/2015,TRUSACOM,18643.0133264
09/30/2015,TRUSACOM,18966.3815604
10/31/2015,TRUSACOM,19029.2867259
11/30/2015,TRUSACOM,19076.9524987
12/31/2015,TRUSACOM,19063.1087664
01/31/2016,TRUSACOM,19111.8254626
02/29/2016,TRUSACOM,19505.277785
03/31/2016,TRUSACOM,19759.2734037
04/30/2016,TRUSACOM,19966.1167142
05/31/2016,TRUSACOM,20026.5142173
06/30/2016,TRUSACOM,20483.9380035
07/31/2016,TRUSACOM,20778.2320636
08/31/2016,TRUSACOM,20851.5624913
09/30/2016,TRUSACOM,20568.9304361
10/31/2016,TRUSACOM,20797.0277422
11/30/2016,TRUSACOM,20235.4449933
12/31/2016,TRUSACOM,20364.1221648
01/31/2017,TRUSACOM,20277.5440868
02/28/2017,TRUSACOM,20573.9228608
03/31/2017,TRUSACOM,20585.6774602
04/30/2017,TRUSACOM,20315.5616188
05/31/2017,TRUSACOM,20546.8386385
06/30/2017,TRUSACOM,20678.1434038
07/31/2017,TRUSACOM,20792.7207601
08/31/2017,TRUSACOM,20924.450237
09/30/2017,TRUSACOM,21022.1050914
10/31/2017,TRUSACOM,21068.3699663
11/30/2017,TRUSACOM,21165.65
12/31/2017,TRUSACOM,21507.93
01/31/2018,TRUSACOM,21325.05
02/28/2018,TRUSACOM,20958.66
03/31/2018,TRUSACOM,21145.53
04/30/2018,TRUSACOM,20836.98
05/31/2018,TRUSACOM,21144.76
06/30/2018,TRUSACOM,21075.49
07/31/2018,TRUSACOM,21213.16
08/31/2018,TRUSACOM,21247.46
09/30/2018,TRUSACOM,20774.27
